Unnamed: 0,Unnamed: 0.1,Country,Total Cases,New Cases (+),Total Deaths,New Deaths (+),Total Recovered,Active Cases,Serious Critical,Total Cases/1M pop,Total Deaths/1M pop,Total Tests,Total Tests/1M pop,Date & Time
0.0,60.0,Iraq,820,,54,,226,540,,20,1,,,2020-04-04 00:58:18.013389
60.0,,Iraq,820,,54,,226,540,,20,1,,,2020-04-04 00:58:18.013389
,,Iraq,820,,54,,226,540,,20,1,,,2020-04-04 01:04:27.267094
,,Iraq,820,,54,,226,540,,20,1,,,2020-04-04 01:09:31.910915
,,Iraq,820,,54,,226,540,,20,1,,,2020-04-04 01:14:36.356913
,,Iraq,820,,54,,226,540,,20,1,,,2020-04-04 01:19:40.873966
,,Iraq,820,,54,,226,540,,20,1,,,2020-04-04 01:24:44.773985
,,Iraq,820,,54,,226,540,,20,1,,,2020-04-04 01:29:48.924870
,,Iraq,820,,54,,226,540,,20,1,,,2020-04-04 01:34:53.046987
,,Iraq,820,,54,,226,540,,20,1,,,2020-04-04 01:39:57.245044
,,Iraq,820,,54,,226,540,,20,1,,,2020-04-04 01:45:01.224374
,,Iraq,820,,54,,226,540,,20,1,,,2020-04-04 01:50:05.334452
,,Iraq,820,,54,,226,540,,20,1,,,2020-04-04 01:55:09.724467
,,Iraq,820,,54,,226,540,,20,1,,,2020-04-04 02:00:13.762728
,,Iraq,820,,54,,226,540,,20,1,,,2020-04-04 02:05:17.933671
,,Iraq,820,,54,,226,540,,20,1,,,2020-04-04 02:10:21.490892
,,Iraq,820,,54,,226,540,,20,1,,,2020-04-04 02:15:25.654397
,,Iraq,820,,54,,226,540,,20,1,,,2020-04-04 02:20:29.781667
,,Iraq,820,,54,,226,540,,20,1,,,2020-04-04 02:25:33.961495
,,Iraq,820,,54,,226,540,,20,1,,,2020-04-04 02:30:38.021814
,,Iraq,820,,54,,226,540,,20,1,,,2020-04-04 02:35:42.166126
,,Iraq,820,,54,,226,540,,20,1,,,2020-04-04 02:40:46.240392
,,Iraq,820,,54,,226,540,,20,1,,,2020-04-04 02:45:50.338725
,,Iraq,820,,54,,226,540,,20,1,,,2020-04-04 02:50:54.535026
,,Iraq,820,,54,,226,540,,20,1,,,2020-04-04 02:55:58.704356
,,Iraq,820,,54,,226,540,,20,1,,,2020-04-04 03:01:02.862380
,,Iraq,820,,54,,226,540,,20,1,,,2020-04-04 03:06:06.499314
,,Iraq,820,,54,,226,540,,20,1,,,2020-04-04 03:11:10.980734
,,Iraq,820,,54,,226,540,,20,1,,,2020-04-04 03:16:15.187790
,,Iraq,820,,54,,226,540,,20,1,,,2020-04-04 03:21:19.365517
,,Iraq,820,,54,,226,540,,20,1,,,2020-04-04 03:26:23.610950
,,Iraq,820,,54,,226,540,,20,1,,,2020-04-04 03:31:27.856370
,,Iraq,820,,54,,226,540,,20,1,,,2020-04-04 03:36:32.110722
,,Iraq,820,,54,,226,540,,20,1,,,2020-04-04 03:41:36.371017
,,Iraq,820,,54,,226,540,,20,1,,,2020-04-04 03:46:40.544393
,,Iraq,820,,54,,226,540,,20,1,,,2020-04-04 03:51:44.811673
,,Iraq,820,,54,,226,540,,20,1,,,2020-04-04 03:56:49.119949
,,Iraq,820,,54,,226,540,,20,1,,,2020-04-04 04:01:53.476810
,,Iraq,820,,54,,226,540,,20,1,,,2020-04-04 04:06:57.968253
,,Iraq,820,,54,,226,540,,20,1,,,2020-04-04 04:12:01.739508
,,Iraq,820,,54,,226,540,,20,1,,,2020-04-04 04:17:05.957812
,,Iraq,820,,54,,226,540,,20,1,,,2020-04-04 04:22:10.183780
,,Iraq,820,,54,,226,540,,20,1,,,2020-04-04 04:27:14.462893
,,Iraq,820,,54,,226,540,,20,1,,,2020-04-04 04:32:18.743769
,,Iraq,820,,54,,226,540,,20,1,,,2020-04-04 04:37:22.958682
,,Iraq,820,,54,,226,540,,20,1,,,2020-04-04 04:42:27.210307
,,Iraq,820,,54,,226,540,,20,1,,,2020-04-04 04:47:31.516070
,,Iraq,820,,54,,226,540,,20,1,,,2020-04-04 04:52:35.776560
,,Iraq,820,,54,,226,540,,20,1,,,2020-04-04 04:57:40.142831
,,Iraq,820,,54,,226,540,,20,1,,,2020-04-04 05:02:44.500676
,,Iraq,820,,54,,226,540,,20,1,,,2020-04-04 05:07:48.618312
,,Iraq,820,,54,,226,540,,20,1,,,2020-04-04 05:12:52.886542
,,Iraq,820,,54,,226,540,,20,1,,,2020-04-04 05:17:57.204328
,,Iraq,820,,54,,226,540,,20,1,,,2020-04-04 05:23:01.682765
,,Iraq,820,,54,,226,540,,20,1,,,2020-04-04 05:28:06.060275
,,Iraq,820,,54,,226,540,,20,1,,,2020-04-04 05:33:10.486081
,,Iraq,820,,54,,226,540,,20,1,,,2020-04-04 05:38:14.828330
,,Iraq,820,,54,,226,540,,20,1,,,2020-04-04 05:43:19.177383
,,Iraq,820,,54,,226,540,,20,1,,,2020-04-04 05:48:23.453790
,,Iraq,820,,54,,226,540,,20,1,,,2020-04-04 05:53:27.755756
,,Iraq,820,,54,,226,540,,20,1,,,2020-04-04 05:58:32.143548
,,Iraq,820,,54,,226,540,,20,1,,,2020-04-04 06:03:36.457601
,,Iraq,820,,54,,226,540,,20,1,,,2020-04-04 06:08:40.964568
,,Iraq,820,,54,,226,540,,20,1,,,2020-04-04 06:13:45.300584
,,Iraq,820,,54,,226,540,,20,1,,,2020-04-04 06:18:49.713431
,,Iraq,820,,54,,226,540,,20,1,,,2020-04-04 06:23:53.862539
,,Iraq,820,,54,,226,540,,20,1,,,2020-04-04 06:28:58.309875
,,Iraq,820,,54,,226,540,,20,1,,,2020-04-04 06:34:02.606354
,,Iraq,820,,54,,226,540,,20,1,,,2020-04-04 06:39:06.983057
,,Iraq,820,,54,,226,540,,20,1,,,2020-04-04 06:44:11.357405
,,Iraq,820,,54,,226,540,,20,1,,,2020-04-04 06:49:15.701560
,,Iraq,820,,54,,226,540,,20,1,,,2020-04-04 06:54:19.988720
,,Iraq,820,,54,,226,540,,20,1,,,2020-04-04 06:59:24.371691
,,Iraq,820,,54,,226,540,,20,1,,,2020-04-04 07:04:28.777480
,,Iraq,820,,54,,226,540,,20,1,,,2020-04-04 07:09:33.095962
,,Iraq,820,,54,,226,540,,20,1,,,2020-04-04 07:14:37.559243
,,Iraq,820,,54,,226,540,,20,1,,,2020-04-04 07:19:41.901833
,,Iraq,820,,54,,226,540,,20,1,,,2020-04-04 07:24:46.114033
,,Iraq,820,,54,,226,540,,20,1,,,2020-04-04 07:29:50.587466
,,Iraq,820,,54,,226,540,,20,1,,,2020-04-04 07:34:54.877214
,,Iraq,820,,54,,226,540,,20,1,,,2020-04-04 07:39:59.188119
,,Iraq,820,,54,,226,540,,20,1,,,2020-04-04 07:45:03.498819
,,Iraq,820,,54,,226,540,,20,1,,,2020-04-04 07:50:07.872567
,,Iraq,820,,54,,226,540,,20,1,,,2020-04-04 07:55:12.158356
,,Iraq,820,,54,,226,540,,20,1,,,2020-04-04 08:00:16.597732
,,Iraq,820,,54,,226,540,,20,1,,,2020-04-04 08:05:21.054389
,,Iraq,820,,54,,226,540,,20,1,,,2020-04-04 08:10:25.598047
,,Iraq,820,,54,,226,540,,20,1,,,2020-04-04 08:15:30.025858
,,Iraq,820,,54,,226,540,,20,1,,,2020-04-04 08:20:34.416416
,,Iraq,820,,54,,226,540,,20,1,,,2020-04-04 08:25:38.990689
,,Iraq,820,,54,,226,540,,20,1,,,2020-04-04 08:30:43.420659
,,Iraq,820,,54,,226,540,,20,1,,,2020-04-04 08:35:47.870639
,,Iraq,820,,54,,226,540,,20,1,,,2020-04-04 08:40:52.361130
,,Iraq,820,,54,,226,540,,20,1,,,2020-04-04 08:45:56.719918
,,Iraq,820,,54,,226,540,,20,1,,,2020-04-04 08:51:00.980276
,,Iraq,820,,54,,226,540,,20,1,,,2020-04-04 08:56:05.342012
,,Iraq,820,,54,,226,540,,20,1,,,2020-04-04 09:01:09.974928
,,Iraq,820,,54,,226,540,,20,1,,,2020-04-04 09:06:14.215607
,,Iraq,820,,54,,226,540,,20,1,,,2020-04-04 09:11:18.523344
,,Iraq,820,,54,,226,540,,20,1,,,2020-04-04 09:16:23.141165
,,Iraq,820,,54,,226,540,,20,1,,,2020-04-04 09:21:27.562783
,,Iraq,820,,54,,226,540,,20,1,,,2020-04-04 09:26:31.868044
,,Iraq,820,,54,,226,540,,20,1,,,2020-04-04 09:31:36.275953
,,Iraq,820,,54,,226,540,,20,1,,,2020-04-04 09:36:40.657518
,,Iraq,820,,54,,226,540,,20,1,,,2020-04-04 09:41:45.085791
,,Iraq,820,,54,,226,540,,20,1,,,2020-04-04 09:46:50.458957
,,Iraq,820,,54,,226,540,,20,1,,,2020-04-04 09:51:55.007261
,,Iraq,820,,54,,226,540,,20,1,,,2020-04-04 09:56:59.529333
,,Iraq,820,,54,,226,540,,20,1,,,2020-04-04 10:02:04.020390
,,Iraq,820,,54,,226,540,,20,1,,,2020-04-04 10:07:08.822708
,,Iraq,820,,54,,226,540,,20,1,,,2020-04-04 10:12:13.128091
,,Iraq,820,,54,,226,540,,20,1,,,2020-04-04 10:17:17.807501
,,Iraq,820,,54,,226,540,,20,1,,,2020-04-04 10:22:21.728466
,,Iraq,820,,54,,226,540,,20,1,,,2020-04-04 10:27:26.261627
,,Iraq,878,58.0,56,2.0,259,563,,22,1,,,2020-04-04 10:32:31.199924
,,Iraq,878,58.0,56,2.0,259,563,,22,1,,,2020-04-04 10:37:35.603730
,,Iraq,878,58.0,56,2.0,259,563,,22,1,,,2020-04-04 10:42:39.950827
,,Iraq,878,58.0,56,2.0,259,563,,22,1,,,2020-04-04 10:47:44.444104
,,Iraq,878,58.0,56,2.0,259,563,,22,1,,,2020-04-04 10:52:48.903519
,,Iraq,878,58.0,56,2.0,259,563,,22,1,,,2020-04-04 10:57:53.372188
,,Iraq,878,58.0,56,2.0,259,563,,22,1,,,2020-04-04 11:02:57.837668
,,Iraq,878,58.0,56,2.0,259,563,,22,1,,,2020-04-04 11:08:02.444459
,,Iraq,878,58.0,56,2.0,259,563,,22,1,,,2020-04-04 11:13:06.966926
,,Iraq,878,58.0,56,2.0,259,563,,22,1,,,2020-04-04 11:18:11.457363
,,Iraq,878,58.0,56,2.0,259,563,,22,1,,,2020-04-04 11:23:15.927821
,,Iraq,878,58.0,56,2.0,259,563,,22,1,,,2020-04-04 11:28:20.676651
,,Iraq,878,58.0,56,2.0,259,563,,22,1,,,2020-04-04 11:33:25.153565
,,Iraq,878,58.0,56,2.0,259,563,,22,1,,,2020-04-04 11:38:29.645101
,,Iraq,878,58.0,56,2.0,259,563,,22,1,,,2020-04-04 11:43:34.277537
,,Iraq,878,58.0,56,2.0,259,563,,22,1,,,2020-04-04 11:48:39.162063
,,Iraq,878,58.0,56,2.0,259,563,,22,1,,,2020-04-04 11:53:43.636590
,,Iraq,878,58.0,56,2.0,259,563,,22,1,,,2020-04-04 11:58:48.161075
,,Iraq,878,58.0,56,2.0,259,563,,22,1,,,2020-04-04 12:03:52.440826
,,Iraq,878,58.0,56,2.0,259,563,,22,1,,,2020-04-04 12:08:56.902695
,,Iraq,878,58.0,56,2.0,259,563,,22,1,,,2020-04-04 12:14:01.388383
,,Iraq,878,58.0,56,2.0,259,563,,22,1,,,2020-04-04 12:19:05.961492
,,Iraq,878,58.0,56,2.0,259,563,,22,1,,,2020-04-04 12:24:10.542887
,,Iraq,878,58.0,56,2.0,259,563,,22,1,,,2020-04-04 12:29:15.162136
,,Iraq,878,58.0,56,2.0,259,563,,22,1,,,2020-04-04 12:34:19.752827
,,Iraq,878,58.0,56,2.0,259,563,,22,1,,,2020-04-04 12:39:24.328821
,,Iraq,878,58.0,56,2.0,259,563,,22,1,,,2020-04-04 12:44:28.911935
,,Iraq,878,58.0,56,2.0,259,563,,22,1,,,2020-04-04 12:49:33.402634
,,Iraq,878,58.0,56,2.0,259,563,,22,1,,,2020-04-04 12:54:38.003163
,,Iraq,878,58.0,56,2.0,259,563,,22,1,,,2020-04-04 12:59:42.611535
,,Iraq,878,58.0,56,2.0,259,563,,22,1,,,2020-04-04 13:04:47.159136
,,Iraq,878,58.0,56,2.0,259,563,,22,1,,,2020-04-04 13:09:51.638941
,,Iraq,878,58.0,56,2.0,259,563,,22,1,,,2020-04-04 13:14:56.171918
,,Iraq,878,58.0,56,2.0,259,563,,22,1,,,2020-04-04 13:20:00.671371
,,Iraq,878,58.0,56,2.0,259,563,,22,1,,,2020-04-04 13:25:05.163948
,,Iraq,878,58.0,56,2.0,259,563,,22,1,,,2020-04-04 13:30:09.566612
,,Iraq,878,58.0,56,2.0,259,563,,22,1,,,2020-04-04 13:35:14.086651
,,Iraq,878,58.0,56,2.0,259,563,,22,1,,,2020-04-04 13:40:18.474848
,,Iraq,878,58.0,56,2.0,259,563,,22,1,,,2020-04-04 13:45:22.835783
,,Iraq,878,58.0,56,2.0,259,563,,22,1,,,2020-04-04 13:50:27.432455
,,Iraq,878,58.0,56,2.0,259,563,,22,1,,,2020-04-04 13:55:31.784464
,,Iraq,878,58.0,56,2.0,259,563,,22,1,,,2020-04-04 14:00:36.582195
,,Iraq,878,58.0,56,2.0,259,563,,22,1,,,2020-04-04 14:05:40.961049
,,Iraq,878,58.0,56,2.0,259,563,,22,1,,,2020-04-04 14:10:45.323472
,,Iraq,878,58.0,56,2.0,259,563,,22,1,,,2020-04-04 14:15:49.628389
,,Iraq,878,58.0,56,2.0,259,563,,22,1,,,2020-04-04 14:20:54.102134
,,Iraq,878,58.0,56,2.0,259,563,,22,1,,,2020-04-04 14:25:58.735552
,,Iraq,878,58.0,56,2.0,259,563,,22,1,,,2020-04-04 14:31:03.531384
,,Iraq,878,58.0,56,2.0,259,563,,22,1,,,2020-04-04 14:36:08.023256
,,Iraq,878,58.0,56,2.0,259,563,,22,1,,,2020-04-04 14:41:12.592294
,,Iraq,878,58.0,56,2.0,259,563,,22,1,,,2020-04-04 14:46:17.126649
,,Iraq,878,58.0,56,2.0,259,563,,22,1,,,2020-04-04 14:51:21.543164
,,Iraq,878,58.0,56,2.0,259,563,,22,1,,,2020-04-04 14:56:26.129525
,,Iraq,878,58.0,56,2.0,259,563,,22,1,,,2020-04-04 15:01:30.527910
,,Iraq,878,58.0,56,2.0,259,563,,22,1,,,2020-04-04 15:06:35.180338
,,Iraq,878,58.0,56,2.0,259,563,,22,1,,,2020-04-04 15:11:39.614652
,,Iraq,878,58.0,56,2.0,259,563,,22,1,,,2020-04-04 15:16:44.272920
,,Iraq,878,58.0,56,2.0,259,563,,22,1,,,2020-04-04 15:21:48.811498
,,Iraq,878,58.0,56,2.0,259,563,,22,1,,,2020-04-04 15:26:53.351172
,,Iraq,878,58.0,56,2.0,259,563,,22,1,,,2020-04-04 15:31:58.300935
,,Iraq,878,58.0,56,2.0,259,563,,22,1,,,2020-04-04 15:37:03.084842
,,Iraq,878,58.0,56,2.0,259,563,,22,1,,,2020-04-04 15:42:07.618716
,,Iraq,878,58.0,56,2.0,259,563,,22,1,,,2020-04-04 15:47:12.179422
,,Iraq,878,58.0,56,2.0,259,563,,22,1,,,2020-04-04 15:52:16.808069
,,Iraq,878,58.0,56,2.0,259,563,,22,1,,,2020-04-04 15:57:21.376369
,,Iraq,878,58.0,56,2.0,259,563,,22,1,,,2020-04-04 16:02:26.109794
,,Iraq,878,58.0,56,2.0,259,563,,22,1,,,2020-04-04 16:07:30.695831
,,Iraq,878,58.0,56,2.0,259,563,,22,1,,,2020-04-04 16:12:35.321653
,,Iraq,878,58.0,56,2.0,259,563,,22,1,,,2020-04-04 16:17:40.065136
,,Iraq,878,58.0,56,2.0,259,563,,22,1,,,2020-04-04 16:22:44.528926
,,Iraq,878,58.0,56,2.0,259,563,,22,1,,,2020-04-04 16:27:49.206165
,,Iraq,878,58.0,56,2.0,259,563,,22,1,,,2020-04-04 16:32:53.749559
,,Iraq,878,58.0,56,2.0,259,563,,22,1,,,2020-04-04 16:37:58.338058
,,Iraq,878,58.0,56,2.0,259,563,,22,1,,,2020-04-04 16:43:02.922392
,,Iraq,878,58.0,56,2.0,259,563,,22,1,,,2020-04-04 16:48:07.593338
,,Iraq,878,58.0,56,2.0,259,563,,22,1,,,2020-04-04 16:53:12.409226
,,Iraq,878,58.0,56,2.0,259,563,,22,1,,,2020-04-04 16:58:16.854803
,,Iraq,878,58.0,56,2.0,259,563,,22,1,,,2020-04-04 17:03:21.677699
,,Iraq,878,58.0,56,2.0,259,563,,22,1,,,2020-04-04 17:08:26.308967
,,Iraq,878,58.0,56,2.0,259,563,,22,1,,,2020-04-04 17:13:30.929203
,,Iraq,878,58.0,56,2.0,259,563,,22,1,,,2020-04-04 17:18:35.466199
,,Iraq,878,58.0,56,2.0,259,563,,22,1,,,2020-04-04 17:23:40.150059
,,Iraq,878,58.0,56,2.0,259,563,,22,1,,,2020-04-04 17:28:44.696201
,,Iraq,878,58.0,56,2.0,259,563,,22,1,,,2020-04-04 17:33:49.390684
,,Iraq,878,58.0,56,2.0,259,563,,22,1,,,2020-04-04 17:38:53.973061
,,Iraq,878,58.0,56,2.0,259,563,,22,1,,,2020-04-04 17:43:58.507428
,,Iraq,878,58.0,56,2.0,259,563,,22,1,,,2020-04-04 17:49:03.036864
,,Iraq,878,58.0,56,2.0,259,563,,22,1,,,2020-04-04 17:54:08.232524
,,Iraq,878,58.0,56,2.0,259,563,,22,1,,,2020-04-04 17:59:12.679497
,,Iraq,878,58.0,56,2.0,259,563,,22,1,,,2020-04-04 18:04:17.296899
,,Iraq,878,58.0,56,2.0,259,563,,22,1,,,2020-04-04 18:09:22.015243
,,Iraq,878,58.0,56,2.0,259,563,,22,1,,,2020-04-04 18:14:26.855432
,,Iraq,878,58.0,56,2.0,259,563,,22,1,,,2020-04-04 18:19:31.619889
,,Iraq,878,58.0,56,2.0,259,563,,22,1,,,2020-04-04 18:24:36.267763
,,Iraq,878,58.0,56,2.0,259,563,,22,1,,,2020-04-04 18:29:41.034236
,,Iraq,878,58.0,56,2.0,259,563,,22,1,,,2020-04-04 18:34:45.628035
,,Iraq,878,58.0,56,2.0,259,563,,22,1,,,2020-04-04 18:39:50.277150
,,Iraq,878,58.0,56,2.0,259,563,,22,1,,,2020-04-04 18:44:54.905896
,,Iraq,878,58.0,56,2.0,259,563,,22,1,,,2020-04-04 18:49:59.604382
,,Iraq,878,58.0,56,2.0,259,563,,22,1,,,2020-04-04 18:55:04.243883
,,Iraq,878,58.0,56,2.0,259,563,,22,1,,,2020-04-04 19:00:08.754891
,,Iraq,878,58.0,56,2.0,259,563,,22,1,,,2020-04-04 19:05:13.461319
,,Iraq,878,58.0,56,2.0,259,563,,22,1,,,2020-04-04 19:10:18.193111
,,Iraq,878,58.0,56,2.0,259,563,,22,1,,,2020-04-04 19:15:22.852596
,,Iraq,878,58.0,56,2.0,259,563,,22,1,,,2020-04-04 19:20:27.418055
,,Iraq,878,58.0,56,2.0,259,563,,22,1,,,2020-04-04 19:25:32.123623
,,Iraq,878,58.0,56,2.0,259,563,,22,1,,,2020-04-04 19:30:36.767737
,,Iraq,878,58.0,56,2.0,259,563,,22,1,,,2020-04-04 19:35:41.565069
,,Iraq,878,58.0,56,2.0,259,563,,22,1,,,2020-04-04 19:40:46.155744
,,Iraq,878,58.0,56,2.0,259,563,,22,1,,,2020-04-04 19:45:50.821780
,,Iraq,878,58.0,56,2.0,259,563,,22,1,,,2020-04-04 19:50:55.505018
,,Iraq,878,58.0,56,2.0,259,563,,22,1,,,2020-04-04 19:56:00.029898
,,Iraq,878,58.0,56,2.0,259,563,,22,1,,,2020-04-04 20:01:04.714115
,,Iraq,878,58.0,56,2.0,259,563,,22,1,,,2020-04-04 20:06:09.562833
,,Iraq,878,58.0,56,2.0,259,563,,22,1,,,2020-04-04 20:11:14.244764
,,Iraq,878,,56,,259,563,,22,1,,,2020-04-04 20:16:18.887515
,,Iraq,878,,56,,259,563,,22,1,,,2020-04-04 20:21:23.527924
,,Iraq,878,,56,,259,563,,22,1,,,2020-04-04 20:26:27.677436
,,Iraq,878,,56,,259,563,,22,1,,,2020-04-04 20:31:33.371636
,,Iraq,878,,56,,259,563,,22,1,,,2020-04-04 20:37:08.829466
,,Iraq,878,,56,,259,563,,22,1,,,2020-04-04 20:42:27.224088
,,Iraq,878,,56,,259,563,,22,1,,,2020-04-04 20:47:37.951606
,,Iraq,878,,56,,259,563,,22,1,,,2020-04-04 20:52:45.313407
,,Iraq,878,,56,,259,563,,22,1,,,2020-04-04 20:58:07.390210
,,Iraq,878,,56,,259,563,,22,1,,,2020-04-04 21:03:25.733951
,,Iraq,878,,56,,259,563,,22,1,,,2020-04-04 21:08:51.344702
,,Iraq,878,,56,,259,563,,22,1,,,2020-04-04 21:14:26.361102
,,Iraq,878,,56,,259,563,,22,1,,,2020-04-04 21:20:04.719316
,,Iraq,878,,56,,259,563,,22,1,,,2020-04-04 21:25:35.669936
,,Iraq,878,,56,,259,563,,22,1,,,2020-04-04 21:31:07.128279
,,Iraq,878,,56,,259,563,,22,1,,,2020-04-04 21:36:40.334037
,,Iraq,878,,56,,259,563,,22,1,,,2020-04-04 21:42:03.662261
,,Iraq,878,,56,,259,563,,22,1,,,2020-04-04 21:47:29.960691
,,Iraq,878,,56,,259,563,,22,1,,,2020-04-04 21:52:46.232825
,,Iraq,878,,56,,259,563,,22,1,,,2020-04-04 21:58:02.938339
,,Iraq,878,,56,,259,563,,22,1,,,2020-04-04 22:03:16.262650
,,Iraq,878,,56,,259,563,,22,1,,,2020-04-04 22:08:35.273468
,,Iraq,878,,56,,259,563,,22,1,,,2020-04-04 22:13:54.887579
,,Iraq,878,,56,,259,563,,22,1,,,2020-04-04 22:19:27.993830
,,Iraq,878,,56,,259,563,,22,1,,,2020-04-04 22:24:41.755311
,,Iraq,878,,56,,259,563,,22,1,,,2020-04-04 22:30:12.827463
,,Iraq,878,,56,,259,563,,22,1,,,2020-04-04 22:35:35.188419
,,Iraq,878,,56,,259,563,,22,1,,,2020-04-04 22:40:40.156548
,,Iraq,878,,56,,259,563,,22,1,,,2020-04-04 22:45:45.215256
,,Iraq,878,,56,,259,563,,22,1,,,2020-04-04 22:50:49.946884
,,Iraq,878,,56,,259,563,,22,1,,,2020-04-04 22:55:54.807754
,,Iraq,878,,56,,259,563,,22,1,,,2020-04-04 23:00:59.549426
,,Iraq,878,,56,,259,563,,22,1,,,2020-04-04 23:06:04.249475
,,Iraq,878,,56,,259,563,,22,1,,,2020-04-04 23:11:09.067661
,,Iraq,878,,56,,259,563,,22,1,,,2020-04-04 23:16:13.805916
,,Iraq,878,,56,,259,563,,22,1,,,2020-04-04 23:21:18.540571
,,Iraq,878,,56,,259,563,,22,1,,,2020-04-04 23:26:23.268784
,,Iraq,878,,56,,259,563,,22,1,,,2020-04-04 23:31:28.026557
,,Iraq,878,,56,,259,563,,22,1,,,2020-04-04 23:36:32.641294
,,Iraq,878,,56,,259,563,,22,1,,,2020-04-04 23:41:37.448483
,,Iraq,878,,56,,259,563,,22,1,,,2020-04-04 23:46:42.125187
,,Iraq,878,,56,,259,563,,22,1,,,2020-04-04 23:51:46.851787
,,Iraq,878,,56,,259,563,,22,1,,,2020-04-04 23:56:51.629891
,,Iraq,878,,56,,259,563,,22,1,,,2020-04-05 00:01:56.430065
,,Iraq,878,,56,,259,563,,22,1,,,2020-04-05 00:07:01.274738
,,Iraq,878,,56,,259,563,,22,1,,,2020-04-05 00:12:05.878973
,,Iraq,878,,56,,259,563,,22,1,,,2020-04-05 00:17:10.583482
,,Iraq,878,,56,,259,563,,22,1,,,2020-04-05 00:22:15.521168
,,Iraq,878,,56,,259,563,,22,1,,,2020-04-05 00:27:20.308073
,,Iraq,878,,56,,259,563,,22,1,,,2020-04-05 00:32:25.078472
,,Iraq,878,,56,,259,563,,22,1,,,2020-04-05 00:37:29.925265
,,Iraq,878,,56,,259,563,,22,1,,,2020-04-05 00:42:34.564643
,,Iraq,878,,56,,259,563,,22,1,,,2020-04-05 00:47:39.355628
,,Iraq,878,,56,,259,563,,22,1,,,2020-04-05 00:52:44.054701
,,Iraq,878,,56,,259,563,,22,1,,,2020-04-05 00:57:48.792099
,,Iraq,878,,56,,259,563,,22,1,,,2020-04-05 01:02:53.604868
,,Iraq,878,,56,,259,563,,22,1,,,2020-04-05 01:07:58.485123
,,Iraq,878,,56,,259,563,,22,1,,,2020-04-05 01:13:03.248145
,,Iraq,878,,56,,259,563,,22,1,,,2020-04-05 01:18:08.203938
,,Iraq,878,,56,,259,563,,22,1,,,2020-04-05 01:23:12.951615
,,Iraq,878,,56,,259,563,,22,1,,,2020-04-05 01:28:17.727697
,,Iraq,878,,56,,259,563,,22,1,,,2020-04-05 01:33:22.459594
,,Iraq,878,,56,,259,563,,22,1,,,2020-04-05 01:38:27.371396
,,Iraq,878,,56,,259,563,,22,1,,,2020-04-05 01:43:32.142919
,,Iraq,878,,56,,259,563,,22,1,,,2020-04-05 01:48:36.920855
,,Iraq,878,,56,,259,563,,22,1,,,2020-04-05 01:53:41.761427
,,Iraq,878,,56,,259,563,,22,1,,,2020-04-05 01:58:46.517122
,,Iraq,878,,56,,259,563,,22,1,,,2020-04-05 02:03:51.229050
,,Iraq,878,,56,,259,563,,22,1,,,2020-04-05 02:08:56.018221
,,Iraq,878,,56,,259,563,,22,1,,,2020-04-05 02:14:00.789863
,,Iraq,878,,56,,259,563,,22,1,,,2020-04-05 02:19:06.854099
,,Iraq,878,,56,,259,563,,22,1,,,2020-04-05 02:24:11.918429
,,Iraq,878,,56,,259,563,,22,1,,,2020-04-05 02:29:16.774978
,,Iraq,878,,56,,259,563,,22,1,,,2020-04-05 02:34:21.524277
,,Iraq,878,,56,,259,563,,22,1,,,2020-04-05 02:39:26.334154
,,Iraq,878,,56,,259,563,,22,1,,,2020-04-05 02:44:31.024730
,,Iraq,878,,56,,259,563,,22,1,,,2020-04-05 02:49:35.918885
,,Iraq,878,,56,,259,563,,22,1,,,2020-04-05 02:54:40.577947
,,Iraq,878,,56,,259,563,,22,1,,,2020-04-05 02:59:45.346827
,,Iraq,878,,56,,259,563,,22,1,,,2020-04-05 03:04:50.186931
,,Iraq,878,,56,,259,563,,22,1,,,2020-04-05 03:09:54.955534
,,Iraq,878,,56,,259,563,,22,1,,,2020-04-05 03:14:59.706999
,,Iraq,878,,56,,259,563,,22,1,,,2020-04-05 03:20:04.520915
,,Iraq,878,,56,,259,563,,22,1,,,2020-04-05 03:25:09.375290
,,Iraq,878,,56,,259,563,,22,1,,,2020-04-05 03:30:14.195441
,,Iraq,878,,56,,259,563,,22,1,,,2020-04-05 03:35:19.009968
,,Iraq,878,,56,,259,563,,22,1,,,2020-04-05 03:40:23.868149
,,Iraq,878,,56,,259,563,,22,1,,,2020-04-05 03:45:28.735641
,,Iraq,878,,56,,259,563,,22,1,,,2020-04-05 03:50:33.673332
,,Iraq,878,,56,,259,563,,22,1,,,2020-04-05 03:55:38.588977
,,Iraq,878,,56,,259,563,,22,1,,,2020-04-05 04:00:43.723261
,,Iraq,878,,56,,259,563,,22,1,,,2020-04-05 04:05:48.588995
,,Iraq,878,,56,,259,563,,22,1,,,2020-04-05 04:10:53.255307
,,Iraq,878,,56,,259,563,,22,1,,,2020-04-05 04:15:58.215177
,,Iraq,878,,56,,259,563,,22,1,,,2020-04-05 04:21:03.016847
,,Iraq,878,,56,,259,563,,22,1,,,2020-04-05 04:26:07.785994
,,Iraq,878,,56,,259,563,,22,1,,,2020-04-05 04:31:12.792002
,,Iraq,878,,56,,259,563,,22,1,,,2020-04-05 04:36:17.838828
,,Iraq,878,,56,,259,563,,22,1,,,2020-04-05 04:41:22.692271
,,Iraq,878,,56,,259,563,,22,1,,,2020-04-05 04:46:27.513084
,,Iraq,878,,56,,259,563,,22,1,,,2020-04-05 04:51:32.533506
,,Iraq,878,,56,,259,563,,22,1,,,2020-04-05 04:56:37.465776
,,Iraq,878,,56,,259,563,,22,1,,,2020-04-05 05:01:42.265418
,,Iraq,878,,56,,259,563,,22,1,,,2020-04-05 05:06:47.086441
,,Iraq,878,,56,,259,563,,22,1,,,2020-04-05 05:11:52.081873
,,Iraq,878,,56,,259,563,,22,1,,,2020-04-05 05:16:56.918718
,,Iraq,878,,56,,259,563,,22,1,,,2020-04-05 05:22:01.764672
,,Iraq,878,,56,,259,563,,22,1,,,2020-04-05 05:27:06.627080
,,Iraq,878,,56,,259,563,,22,1,,,2020-04-05 05:32:11.294336
,,Iraq,878,,56,,259,563,,22,1,,,2020-04-05 05:37:16.111559
,,Iraq,878,,56,,259,563,,22,1,,,2020-04-05 05:42:21.012589
,,Iraq,878,,56,,259,563,,22,1,,,2020-04-05 05:47:25.907442
,,Iraq,878,,56,,259,563,,22,1,,,2020-04-05 05:52:30.873180
,,Iraq,878,,56,,259,563,,22,1,,,2020-04-05 05:57:35.660169
,,Iraq,878,,56,,259,563,,22,1,,,2020-04-05 06:02:40.541277
,,Iraq,878,,56,,259,563,,22,1,,,2020-04-05 06:07:45.362449
,,Iraq,878,,56,,259,563,,22,1,,,2020-04-05 06:12:50.147740
,,Iraq,878,,56,,259,563,,22,1,,,2020-04-05 06:17:55.045185
,,Iraq,878,,56,,259,563,,22,1,,,2020-04-05 06:22:59.948643
,,Iraq,878,,56,,259,563,,22,1,,,2020-04-05 06:28:04.780308
,,Iraq,878,,56,,259,563,,22,1,,,2020-04-05 06:33:09.614787
,,Iraq,878,,56,,259,563,,22,1,,,2020-04-05 06:38:14.522719
,,Iraq,878,,56,,259,563,,22,1,,,2020-04-05 06:43:19.352076
,,Iraq,878,,56,,259,563,,22,1,,,2020-04-05 06:48:24.060868
,,Iraq,878,,56,,259,563,,22,1,,,2020-04-05 06:53:28.929366
,,Iraq,878,,56,,259,563,,22,1,,,2020-04-05 06:58:33.597973
,,Iraq,878,,56,,259,563,,22,1,,,2020-04-05 07:03:38.413595
,,Iraq,878,,56,,259,563,,22,1,,,2020-04-05 07:08:43.286263
,,Iraq,878,,56,,259,563,,22,1,,,2020-04-05 07:13:48.155538
,,Iraq,878,,56,,259,563,,22,1,,,2020-04-05 07:18:52.903588
,,Iraq,878,,56,,259,563,,22,1,,,2020-04-05 07:23:57.769037
,,Iraq,878,,56,,259,563,,22,1,,,2020-04-05 07:29:02.699195
,,Iraq,878,,56,,259,563,,22,1,,,2020-04-05 07:34:07.503779
,,Iraq,878,,56,,259,563,,22,1,,,2020-04-05 07:39:12.414422
,,Iraq,878,,56,,259,563,,22,1,,,2020-04-05 07:44:17.176625
,,Iraq,878,,56,,259,563,,22,1,,,2020-04-05 07:49:22.126659
,,Iraq,878,,56,,259,563,,22,1,,,2020-04-05 07:54:26.854364
,,Iraq,878,,56,,259,563,,22,1,,,2020-04-05 07:59:31.755507
,,Iraq,878,,56,,259,563,,22,1,,,2020-04-05 08:04:36.569338
,,Iraq,878,,56,,259,563,,22,1,,,2020-04-05 08:09:41.379902
,,Iraq,878,,56,,259,563,,22,1,,,2020-04-05 08:14:46.178571
,,Iraq,878,,56,,259,563,,22,1,,,2020-04-05 08:19:51.110262
,,Iraq,878,,56,,259,563,,22,1,,,2020-04-05 08:24:56.209486
,,Iraq,878,,56,,259,563,,22,1,,,2020-04-05 08:30:01.176644
,,Iraq,878,,56,,259,563,,22,1,,,2020-04-05 08:35:06.085878
,,Iraq,878,,56,,259,563,,22,1,,,2020-04-05 08:40:11.072581
,,Iraq,878,,56,,259,563,,22,1,,,2020-04-05 08:45:15.938912
,,Iraq,878,,56,,259,563,,22,1,,,2020-04-05 08:50:20.817416
,,Iraq,878,,56,,259,563,,22,1,,,2020-04-05 08:55:25.730267
,,Iraq,878,,56,,259,563,,22,1,,,2020-04-05 09:00:30.775813
,,Iraq,878,,56,,259,563,,22,1,,,2020-04-05 09:05:35.664574
,,Iraq,878,,56,,259,563,,22,1,,,2020-04-05 09:10:40.431013
,,Iraq,878,,56,,259,563,,22,1,,,2020-04-05 09:15:45.290862
,,Iraq,878,,56,,259,563,,22,1,,,2020-04-05 09:20:50.273314
,,Iraq,878,,56,,259,563,,22,1,,,2020-04-05 09:25:55.083334
,,Iraq,878,,56,,259,563,,22,1,,,2020-04-05 09:30:59.989517
,,Iraq,878,,56,,259,563,,22,1,,,2020-04-05 09:36:04.851055
,,Iraq,878,,56,,259,563,,22,1,,,2020-04-05 09:41:09.644557
,,Iraq,878,,56,,259,563,,22,1,,,2020-04-05 09:46:15.759620
,,Iraq,878,,56,,259,563,,22,1,,,2020-04-05 09:51:20.766997
,,Iraq,878,,56,,259,563,,22,1,,,2020-04-05 09:56:25.581567
,,Iraq,878,,56,,259,563,,22,1,,,2020-04-05 10:01:30.206878
,,Iraq,878,,56,,259,563,,22,1,,,2020-04-05 10:06:34.968294
,,Iraq,878,,56,,259,563,,22,1,,,2020-04-05 10:11:39.798623
,,Iraq,878,,56,,259,563,,22,1,,,2020-04-05 10:16:44.404486
,,Iraq,878,,56,,259,563,,22,1,,,2020-04-05 10:21:49.153880
,,Iraq,878,,56,,259,563,,22,1,,,2020-04-05 10:26:53.861001
,,Iraq,878,,56,,259,563,,22,1,,,2020-04-05 10:31:58.449763
,,Iraq,878,,56,,259,563,,22,1,,,2020-04-05 10:37:03.302981
,,Iraq,878,,56,,259,563,,22,1,,,2020-04-05 10:42:07.965335
,,Iraq,878,,56,,259,563,,22,1,,,2020-04-05 10:47:12.898663
,,Iraq,961,83.0,61,5.0,279,621,,24,2,,,2020-04-05 10:52:17.603915
,,Iraq,961,83.0,61,5.0,279,621,,24,2,,,2020-04-05 10:57:22.228944
,,Iraq,961,83.0,61,5.0,279,621,,24,2,,,2020-04-05 11:02:26.799160
,,Iraq,961,83.0,61,5.0,279,621,,24,2,,,2020-04-05 11:07:31.571446
,,Iraq,961,83.0,61,5.0,279,621,,24,2,,,2020-04-05 11:12:36.204459
,,Iraq,961,83.0,61,5.0,279,621,,24,2,,,2020-04-05 11:17:40.863831
,,Iraq,961,83.0,61,5.0,279,621,,24,2,,,2020-04-05 11:22:46.074801
,,Iraq,961,83.0,61,5.0,279,621,,24,2,,,2020-04-05 11:27:50.813986
,,Iraq,961,83.0,61,5.0,279,621,,24,2,,,2020-04-05 11:32:55.860608
,,Iraq,961,83.0,61,5.0,279,621,,24,2,,,2020-04-05 11:38:00.739025
,,Iraq,961,83.0,61,5.0,279,621,,24,2,,,2020-04-05 11:43:06.869413
,,Iraq,961,83.0,61,5.0,279,621,,24,2,,,2020-04-05 11:48:11.701460
,,Iraq,961,83.0,61,5.0,279,621,,24,2,,,2020-04-05 11:53:16.676991
,,Iraq,961,83.0,61,5.0,279,621,,24,2,,,2020-04-05 11:58:21.347508
,,Iraq,961,83.0,61,5.0,279,621,,24,2,,,2020-04-05 12:03:26.379595
,,Iraq,961,83.0,61,5.0,279,621,,24,2,,,2020-04-05 12:08:31.371247
,,Iraq,961,83.0,61,5.0,279,621,,24,2,,,2020-04-05 12:13:36.129133
,,Iraq,961,83.0,61,5.0,279,621,,24,2,,,2020-04-05 12:18:40.939107
,,Iraq,961,83.0,61,5.0,279,621,,24,2,,,2020-04-05 12:23:45.701619
,,Iraq,961,83.0,61,5.0,279,621,,24,2,,,2020-04-05 12:28:50.555617
,,Iraq,961,83.0,61,5.0,279,621,,24,2,,,2020-04-05 12:33:55.601557
,,Iraq,961,83.0,61,5.0,279,621,,24,2,,,2020-04-05 12:39:00.497087
,,Iraq,961,83.0,61,5.0,279,621,,24,2,,,2020-04-05 12:44:05.244521
,,Iraq,961,83.0,61,5.0,279,621,,24,2,,,2020-04-05 12:49:10.042904
,,Iraq,961,83.0,61,5.0,279,621,,24,2,,,2020-04-05 12:54:14.744724
,,Iraq,961,83.0,61,5.0,279,621,,24,2,,,2020-04-05 12:59:19.422327
,,Iraq,961,83.0,61,5.0,279,621,,24,2,,,2020-04-05 13:04:24.219101
,,Iraq,961,83.0,61,5.0,279,621,,24,2,,,2020-04-05 13:09:29.040705
,,Iraq,961,83.0,61,5.0,279,621,,24,2,,,2020-04-05 13:14:33.964237
,,Iraq,961,83.0,61,5.0,279,621,,24,2,,,2020-04-05 13:19:39.055985
,,Iraq,961,83.0,61,5.0,279,621,,24,2,,,2020-04-05 13:24:44.316341
,,Iraq,961,83.0,61,5.0,279,621,,24,2,,,2020-04-05 13:29:49.210456
,,Iraq,961,83.0,61,5.0,279,621,,24,2,,,2020-04-05 13:34:54.134202
,,Iraq,961,83.0,61,5.0,279,621,,24,2,,,2020-04-05 13:39:59.079498
,,Iraq,961,83.0,61,5.0,279,621,,24,2,,,2020-04-05 13:45:04.001162
,,Iraq,961,83.0,61,5.0,279,621,,24,2,,,2020-04-05 13:50:08.748756
,,Iraq,961,83.0,61,5.0,279,621,,24,2,,,2020-04-05 13:55:13.562340
,,Iraq,961,83.0,61,5.0,279,621,,24,2,,,2020-04-05 14:00:18.523385
,,Iraq,961,83.0,61,5.0,279,621,,24,2,,,2020-04-05 14:05:23.283270
,,Iraq,961,83.0,61,5.0,279,621,,24,2,,,2020-04-05 14:10:28.141321
,,Iraq,961,83.0,61,5.0,279,621,,24,2,,,2020-04-05 14:15:32.896482
,,Iraq,961,83.0,61,5.0,279,621,,24,2,,,2020-04-05 14:20:37.718261
,,Iraq,961,83.0,61,5.0,279,621,,24,2,,,2020-04-05 14:25:42.564269
,,Iraq,961,83.0,61,5.0,279,621,,24,2,,,2020-04-05 14:30:47.367396
,,Iraq,961,83.0,61,5.0,279,621,,24,2,,,2020-04-05 14:35:52.298154
,,Iraq,961,83.0,61,5.0,279,621,,24,2,,,2020-04-05 14:40:57.209609
,,Iraq,961,83.0,61,5.0,279,621,,24,2,,,2020-04-05 14:46:02.128661
,,Iraq,961,83.0,61,5.0,279,621,,24,2,,,2020-04-05 14:51:07.130871
,,Iraq,961,83.0,61,5.0,279,621,,24,2,,,2020-04-05 14:56:11.943155
,,Iraq,961,83.0,61,5.0,279,621,,24,2,,,2020-04-05 15:01:16.784430
,,Iraq,961,83.0,61,5.0,279,621,,24,2,,,2020-04-05 15:06:21.670226
,,Iraq,961,83.0,61,5.0,279,621,,24,2,,,2020-04-05 15:11:26.787997
,,Iraq,961,83.0,61,5.0,279,621,,24,2,,,2020-04-05 15:16:31.718546
,,Iraq,961,83.0,61,5.0,279,621,,24,2,,,2020-04-05 15:21:36.557804
,,Iraq,961,83.0,61,5.0,279,621,,24,2,,,2020-04-05 15:26:41.459173
,,Iraq,961,83.0,61,5.0,279,621,,24,2,,,2020-04-05 15:31:46.521552
,,Iraq,961,83.0,61,5.0,279,621,,24,2,,,2020-04-05 15:36:51.577671
,,Iraq,961,83.0,61,5.0,279,621,,24,2,,,2020-04-05 15:41:58.382588
,,Iraq,961,83.0,61,5.0,279,621,,24,2,,,2020-04-05 15:47:03.705332
,,Iraq,961,83.0,61,5.0,279,621,,24,2,,,2020-04-05 15:52:09.097222
,,Iraq,961,83.0,61,5.0,279,621,,24,2,,,2020-04-05 15:57:14.310595
,,Iraq,961,83.0,61,5.0,279,621,,24,2,,,2020-04-05 16:02:19.239827
,,Iraq,961,83.0,61,5.0,279,621,,24,2,,,2020-04-05 16:07:25.936880
,,Iraq,961,83.0,61,5.0,279,621,,24,2,,,2020-04-05 16:12:31.086502
,,Iraq,961,83.0,61,5.0,279,621,,24,2,,,2020-04-05 16:17:36.430567
,,Iraq,961,83.0,61,5.0,279,621,,24,2,,,2020-04-05 16:22:41.617023
,,Iraq,961,83.0,61,5.0,279,621,,24,2,,,2020-04-05 16:27:46.505133
,,Iraq,961,83.0,61,5.0,279,621,,24,2,,,2020-04-05 16:32:51.518478
,,Iraq,961,83.0,61,5.0,279,621,,24,2,,,2020-04-05 16:37:56.688984
,,Iraq,961,83.0,61,5.0,279,621,,24,2,,,2020-04-05 16:43:02.166087
,,Iraq,961,83.0,61,5.0,279,621,,24,2,,,2020-04-05 16:48:07.269055
,,Iraq,961,83.0,61,5.0,279,621,,24,2,,,2020-04-05 16:53:12.551999
,,Iraq,961,83.0,61,5.0,279,621,,24,2,,,2020-04-05 16:58:17.726442
,,Iraq,961,83.0,61,5.0,279,621,,24,2,,,2020-04-05 17:03:22.832883
,,Iraq,961,83.0,61,5.0,279,621,,24,2,,,2020-04-05 17:08:27.959789
,,Iraq,961,83.0,61,5.0,279,621,,24,2,,,2020-04-05 17:13:33.177302
,,Iraq,961,83.0,61,5.0,279,621,,24,2,,,2020-04-05 17:18:38.127466
,,Iraq,961,83.0,61,5.0,279,621,,24,2,,,2020-04-05 17:23:43.102724
,,Iraq,961,83.0,61,5.0,279,621,,24,2,,,2020-04-05 17:28:48.567209
,,Iraq,961,83.0,61,5.0,279,621,,24,2,,,2020-04-05 17:33:53.683068
,,Iraq,961,83.0,61,5.0,279,621,,24,2,,,2020-04-05 17:38:58.819555
,,Iraq,961,83.0,61,5.0,279,621,,24,2,,,2020-04-05 17:44:03.915074
,,Iraq,961,83.0,61,5.0,279,621,,24,2,,,2020-04-05 17:49:08.991943
,,Iraq,961,83.0,61,5.0,279,621,,24,2,,,2020-04-05 17:54:14.236316
,,Iraq,961,83.0,61,5.0,279,621,,24,2,,,2020-04-05 17:59:19.419942
,,Iraq,961,83.0,61,5.0,279,621,,24,2,,,2020-04-05 18:04:24.324995
,,Iraq,961,83.0,61,5.0,279,621,,24,2,,,2020-04-05 18:09:29.539724
,,Iraq,961,83.0,61,5.0,279,621,,24,2,,,2020-04-05 18:14:34.533657
,,Iraq,961,83.0,61,5.0,279,621,,24,2,,,2020-04-05 18:19:39.707950
,,Iraq,961,83.0,61,5.0,279,621,,24,2,,,2020-04-05 18:24:45.148020
,,Iraq,961,83.0,61,5.0,279,621,,24,2,,,2020-04-05 18:29:50.363924
,,Iraq,961,83.0,61,5.0,279,621,,24,2,,,2020-04-05 18:34:55.540597
,,Iraq,961,83.0,61,5.0,279,621,,24,2,,,2020-04-05 18:40:00.616276
,,Iraq,961,83.0,61,5.0,279,621,,24,2,,,2020-04-05 18:45:05.946583
,,Iraq,961,83.0,61,5.0,279,621,,24,2,,,2020-04-05 18:50:11.043530
,,Iraq,961,83.0,61,5.0,279,621,,24,2,,,2020-04-05 18:55:16.136803
,,Iraq,961,83.0,61,5.0,279,621,,24,2,,,2020-04-05 19:00:21.285605
,,Iraq,961,83.0,61,5.0,279,621,,24,2,,,2020-04-05 19:05:25.781662
,,Iraq,961,83.0,61,5.0,279,621,,24,2,,,2020-04-05 19:10:30.867380
,,Iraq,961,83.0,61,5.0,279,621,,24,2,,,2020-04-05 19:15:36.026830
,,Iraq,961,83.0,61,5.0,279,621,,24,2,,,2020-04-05 19:20:40.866037
,,Iraq,961,83.0,61,5.0,279,621,,24,2,,,2020-04-05 19:25:45.812193
,,Iraq,961,83.0,61,5.0,279,621,,24,2,,,2020-04-05 19:30:50.943237
,,Iraq,961,83.0,61,5.0,279,621,,24,2,,,2020-04-05 19:35:55.746165
,,Iraq,961,83.0,61,5.0,279,621,,24,2,,,2020-04-05 19:41:00.641296
,,Iraq,961,83.0,61,5.0,279,621,,24,2,,,2020-04-05 19:46:05.690184
,,Iraq,961,83.0,61,5.0,279,621,,24,2,,,2020-04-05 19:51:10.490064
,,Iraq,961,83.0,61,5.0,279,621,,24,2,,,2020-04-05 19:56:15.615853
,,Iraq,961,83.0,61,5.0,279,621,,24,2,,,2020-04-05 20:01:20.544908
,,Iraq,961,83.0,61,5.0,279,621,,24,2,,,2020-04-05 20:06:25.606293
,,Iraq,961,83.0,61,5.0,279,621,,24,2,,,2020-04-05 20:11:31.737712
,,Iraq,961,,61,,279,621,,24,2,,,2020-04-05 20:16:36.712632
,,Iraq,961,,61,,279,621,,24,2,,,2020-04-05 20:21:41.775846
,,Iraq,961,,61,,279,621,,24,2,,,2020-04-05 20:26:46.829161
,,Iraq,961,,61,,279,621,,24,2,,,2020-04-05 20:31:51.795894
,,Iraq,961,,61,,279,621,,24,2,,,2020-04-05 20:36:56.819330
,,Iraq,961,,61,,279,621,,24,2,,,2020-04-05 20:42:01.869466
,,Iraq,961,,61,,279,621,,24,2,,,2020-04-05 20:47:07.031963
,,Iraq,961,,61,,279,621,,24,2,,,2020-04-05 20:52:12.079594
,,Iraq,961,,61,,279,621,,24,2,,,2020-04-05 20:57:17.156946
,,Iraq,961,,61,,279,621,,24,2,,,2020-04-05 21:02:23.398658
,,Iraq,961,,61,,279,621,,24,2,,,2020-04-05 21:07:30.442659
,,Iraq,961,,61,,279,621,,24,2,,,2020-04-05 21:12:37.017749
,,Iraq,961,,61,,279,621,,24,2,,,2020-04-05 21:17:50.529680
,,Iraq,961,,61,,279,621,,24,2,,,2020-04-05 21:23:07.514337
,,Iraq,961,,61,,279,621,,24,2,,,2020-04-05 21:28:23.360739
,,Iraq,961,,61,,279,621,,24,2,,,2020-04-05 21:33:38.916212
,,Iraq,961,,61,,279,621,,24,2,,,2020-04-05 21:38:51.785611
,,Iraq,961,,61,,279,621,,24,2,,,2020-04-05 21:44:07.278112
,,Iraq,961,,61,,279,621,,24,2,,,2020-04-05 21:49:22.893365
,,Iraq,961,,61,,279,621,,24,2,,,2020-04-05 21:54:38.217150
,,Iraq,961,,61,,279,621,,24,2,,,2020-04-05 21:59:53.334670
,,Iraq,961,,61,,279,621,,24,2,,,2020-04-05 22:05:09.894669
,,Iraq,961,,61,,279,621,,24,2,,,2020-04-05 22:10:26.635642
,,Iraq,961,,61,,279,621,,24,2,,,2020-04-05 22:15:39.217827
,,Iraq,961,,61,,279,621,,24,2,,,2020-04-05 22:20:55.149382
,,Iraq,961,,61,,279,621,,24,2,,,2020-04-05 22:26:09.997280
,,Iraq,961,,61,,279,621,,24,2,,,2020-04-05 22:31:25.112038
,,Iraq,961,,61,,279,621,,24,2,,,2020-04-05 22:36:37.430891
,,Iraq,961,,61,,279,621,,24,2,,,2020-04-05 22:41:52.319059
,,Iraq,961,,61,,279,621,,24,2,,,2020-04-05 22:47:06.040658
,,Iraq,961,,61,,279,621,,24,2,,,2020-04-05 22:52:19.825673
,,Iraq,961,,61,,279,621,,24,2,,,2020-04-05 22:57:33.385290
,,Iraq,961,,61,,279,621,,24,2,,,2020-04-05 23:02:47.139252
,,Iraq,961,,61,,279,621,,24,2,,,2020-04-05 23:08:03.828995
,,Iraq,961,,61,,279,621,,24,2,,,2020-04-05 23:13:15.586375
,,Iraq,961,,61,,279,621,,24,2,,,2020-04-05 23:18:28.133464
,,Iraq,961,,61,,279,621,,24,2,,,2020-04-05 23:23:41.987286
,,Iraq,961,,61,,279,621,,24,2,,,2020-04-05 23:29:00.791373
,,Iraq,961,,61,,279,621,,24,2,,,2020-04-05 23:34:15.368817
,,Iraq,961,,61,,279,621,,24,2,,,2020-04-05 23:39:32.897258
,,Iraq,961,,61,,279,621,,24,2,,,2020-04-05 23:44:51.748740
,,Iraq,961,,61,,279,621,,24,2,,,2020-04-05 23:50:10.042196
,,Iraq,961,,61,,279,621,,24,2,,,2020-04-05 23:55:25.742573
,,Iraq,961,,61,,279,621,,24,2,,,2020-04-06 00:00:31.110977
,,Iraq,961,,61,,279,621,,24,2,,,2020-04-06 00:05:36.438491
,,Iraq,961,,61,,279,621,,24,2,,,2020-04-06 00:10:41.683511
,,Iraq,961,,61,,279,621,,24,2,,,2020-04-06 00:15:46.964502
,,Iraq,961,,61,,279,621,,24,2,,,2020-04-06 00:20:52.377467
,,Iraq,961,,61,,279,621,,24,2,,,2020-04-06 00:25:57.705013
,,Iraq,961,,61,,279,621,,24,2,,,2020-04-06 00:31:02.935948
,,Iraq,961,,61,,279,621,,24,2,,,2020-04-06 00:36:08.277535
,,Iraq,961,,61,,279,621,,24,2,,,2020-04-06 00:41:13.543878
,,Iraq,961,,61,,279,621,,24,2,,,2020-04-06 00:46:18.878656
,,Iraq,961,,61,,279,621,,24,2,,,2020-04-06 00:51:24.202794
,,Iraq,961,,61,,279,621,,24,2,,,2020-04-06 00:56:29.400515
,,Iraq,961,,61,,279,621,,24,2,,,2020-04-06 01:01:34.748559
,,Iraq,961,,61,,279,621,,24,2,,,2020-04-06 01:06:40.020581
,,Iraq,961,,61,,279,621,,24,2,,,2020-04-06 01:11:45.235794
,,Iraq,961,,61,,279,621,,24,2,,,2020-04-06 01:16:50.594140
,,Iraq,961,,61,,279,621,,24,2,,,2020-04-06 01:21:55.949837
,,Iraq,961,,61,,279,621,,24,2,,,2020-04-06 01:27:01.331824
,,Iraq,961,,61,,279,621,,24,2,,,2020-04-06 01:32:06.753804
,,Iraq,961,,61,,279,621,,24,2,,,2020-04-06 01:37:11.995203
,,Iraq,961,,61,,279,621,,24,2,,,2020-04-06 01:42:17.374290
,,Iraq,961,,61,,279,621,,24,2,,,2020-04-06 01:47:22.690683
,,Iraq,961,,61,,279,621,,24,2,,,2020-04-06 01:52:27.921821
,,Iraq,961,,61,,279,621,,24,2,,,2020-04-06 01:57:33.199398
,,Iraq,961,,61,,279,621,,24,2,,,2020-04-06 02:02:38.464158
,,Iraq,961,,61,,279,621,,24,2,,,2020-04-06 02:07:43.703448
,,Iraq,961,,61,,279,621,,24,2,,,2020-04-06 02:12:49.260000
,,Iraq,961,,61,,279,621,,24,2,,,2020-04-06 02:17:54.684745
,,Iraq,961,,61,,279,621,,24,2,,,2020-04-06 02:22:59.990390
,,Iraq,961,,61,,279,621,,24,2,,,2020-04-06 02:28:05.295629
,,Iraq,961,,61,,279,621,,24,2,,,2020-04-06 02:33:10.510304
,,Iraq,961,,61,,279,621,,24,2,,,2020-04-06 02:38:15.724830
,,Iraq,961,,61,,279,621,,24,2,,,2020-04-06 02:43:21.003928
,,Iraq,961,,61,,279,621,,24,2,,,2020-04-06 02:48:26.234053
,,Iraq,961,,61,,279,621,,24,2,,,2020-04-06 02:53:31.674349
,,Iraq,961,,61,,279,621,,24,2,,,2020-04-06 02:58:36.949101
,,Iraq,961,,61,,279,621,,24,2,,,2020-04-06 03:03:42.210160
,,Iraq,961,,61,,279,621,,24,2,,,2020-04-06 03:08:47.491631
,,Iraq,961,,61,,279,621,,24,2,,,2020-04-06 03:13:52.910015
,,Iraq,961,,61,,279,621,,24,2,,,2020-04-06 03:18:58.206756
,,Iraq,961,,61,,279,621,,24,2,,,2020-04-06 03:24:03.535121
,,Iraq,961,,61,,279,621,,24,2,,,2020-04-06 03:29:08.904970
,,Iraq,961,,61,,279,621,,24,2,,,2020-04-06 03:34:14.177511
,,Iraq,961,,61,,279,621,,24,2,,,2020-04-06 03:39:19.434291
,,Iraq,961,,61,,279,621,,24,2,,,2020-04-06 03:44:24.729951
,,Iraq,961,,61,,279,621,,24,2,,,2020-04-06 03:49:29.953914
,,Iraq,961,,61,,279,621,,24,2,,,2020-04-06 03:54:35.455501
,,Iraq,961,,61,,279,621,,24,2,,,2020-04-06 03:59:40.558637
,,Iraq,961,,61,,279,621,,24,2,,,2020-04-06 04:04:45.971145
,,Iraq,961,,61,,279,621,,24,2,,,2020-04-06 04:09:51.095231
,,Iraq,961,,61,,279,621,,24,2,,,2020-04-06 04:14:56.198031
,,Iraq,961,,61,,279,621,,24,2,,,2020-04-06 04:20:02.639887
,,Iraq,961,,61,,279,621,,24,2,,,2020-04-06 04:25:07.827939
,,Iraq,961,,61,,279,621,,24,2,,,2020-04-06 04:30:12.961473
,,Iraq,961,,61,,279,621,,24,2,,,2020-04-06 04:35:18.383868
,,Iraq,961,,61,,279,621,,24,2,,,2020-04-06 04:40:23.614786
,,Iraq,961,,61,,279,621,,24,2,,,2020-04-06 04:45:28.862751
,,Iraq,961,,61,,279,621,,24,2,,,2020-04-06 04:50:34.239829
,,Iraq,961,,61,,279,621,,24,2,,,2020-04-06 04:55:39.603287
,,Iraq,961,,61,,279,621,,24,2,,,2020-04-06 05:00:45.049748
,,Iraq,961,,61,,279,621,,24,2,,,2020-04-06 05:05:50.449694
,,Iraq,961,,61,,279,621,,24,2,,,2020-04-06 05:10:55.827302
,,Iraq,961,,61,,279,621,,24,2,,,2020-04-06 05:16:01.290756
,,Iraq,961,,61,,279,621,,24,2,,,2020-04-06 05:21:06.656115
,,Iraq,961,,61,,279,621,,24,2,,,2020-04-06 05:26:12.033989
,,Iraq,961,,61,,279,621,,24,2,,,2020-04-06 05:31:17.357974
,,Iraq,961,,61,,279,621,,24,2,,,2020-04-06 05:36:22.795365
,,Iraq,961,,61,,279,621,,24,2,,,2020-04-06 05:41:28.107405
,,Iraq,961,,61,,279,621,,24,2,,,2020-04-06 05:46:33.501159
,,Iraq,961,,61,,279,621,,24,2,,,2020-04-06 05:51:38.900687
,,Iraq,961,,61,,279,621,,24,2,,,2020-04-06 05:56:44.277429
,,Iraq,961,,61,,279,621,,24,2,,,2020-04-06 06:01:49.602302
,,Iraq,961,,61,,279,621,,24,2,,,2020-04-06 06:06:55.016866
,,Iraq,961,,61,,279,621,,24,2,,,2020-04-06 06:12:00.436706
,,Iraq,961,,61,,279,621,,24,2,,,2020-04-06 06:17:05.686839
,,Iraq,961,,61,,279,621,,24,2,,,2020-04-06 06:22:11.338111
,,Iraq,961,,61,,279,621,,24,2,,,2020-04-06 06:27:16.727113
,,Iraq,961,,61,,279,621,,24,2,,,2020-04-06 06:32:21.963541
,,Iraq,961,,61,,279,621,,24,2,,,2020-04-06 06:37:27.345533
,,Iraq,961,,61,,279,621,,24,2,,,2020-04-06 06:42:32.853063
,,Iraq,961,,61,,279,621,,24,2,,,2020-04-06 06:47:38.139736
,,Iraq,961,,61,,279,621,,24,2,,,2020-04-06 06:52:43.434701
,,Iraq,961,,61,,279,621,,24,2,,,2020-04-06 06:57:48.657987
,,Iraq,961,,61,,279,621,,24,2,,,2020-04-06 07:02:54.001638
,,Iraq,961,,61,,279,621,,24,2,,,2020-04-06 07:07:59.377772
,,Iraq,961,,61,,279,621,,24,2,,,2020-04-06 07:13:04.581296
,,Iraq,961,,61,,279,621,,24,2,,,2020-04-06 07:18:09.848234
,,Iraq,961,,61,,279,621,,24,2,,,2020-04-06 07:23:15.218157
,,Iraq,961,,61,,279,621,,24,2,,,2020-04-06 07:28:20.457812
,,Iraq,961,,61,,279,621,,24,2,,,2020-04-06 07:33:25.697672
,,Iraq,961,,61,,279,621,,24,2,,,2020-04-06 07:38:30.871101
,,Iraq,961,,61,,279,621,,24,2,,,2020-04-06 07:43:36.255415
,,Iraq,961,,61,,279,621,,24,2,,,2020-04-06 07:48:41.555468
,,Iraq,961,,61,,279,621,,24,2,,,2020-04-06 07:53:46.826833
,,Iraq,961,,61,,279,621,,24,2,,,2020-04-06 07:58:52.324511
,,Iraq,961,,61,,279,621,,24,2,,,2020-04-06 08:03:58.090982
,,Iraq,961,,61,,279,621,,24,2,,,2020-04-06 08:09:05.025173
,,Iraq,961,,61,,279,621,,24,2,,,2020-04-06 08:14:12.091446
,,Iraq,961,,61,,279,621,,24,2,,,2020-04-06 08:19:17.709798
,,Iraq,961,,61,,279,621,,24,2,,,2020-04-06 08:24:24.347300
,,Iraq,961,,61,,279,621,,24,2,,,2020-04-06 08:29:31.755735
,,Iraq,961,,61,,279,621,,24,2,,,2020-04-06 08:34:39.017102
,,Iraq,961,,61,,279,621,,24,2,,,2020-04-06 08:39:45.395477
,,Iraq,961,,61,,279,621,,24,2,,,2020-04-06 08:44:51.828144
,,Iraq,961,,61,,279,621,,24,2,,,2020-04-06 08:49:58.902786
,,Iraq,961,,61,,279,621,,24,2,,,2020-04-06 08:55:06.739204
,,Iraq,961,,61,,279,621,,24,2,,,2020-04-06 09:00:14.485893
,,Iraq,961,,61,,279,621,,24,2,,,2020-04-06 09:05:24.724367
,,Iraq,961,,61,,279,621,,24,2,,,2020-04-06 09:10:32.655108
,,Iraq,961,,61,,279,621,,24,2,,,2020-04-06 09:15:44.060359
,,Iraq,961,,61,,279,621,,24,2,,,2020-04-06 09:20:51.772209
,,Iraq,961,,61,,279,621,,24,2,,,2020-04-06 09:25:59.335102
,,Iraq,961,,61,,279,621,,24,2,,,2020-04-06 09:31:08.573749
,,Iraq,961,,61,,279,621,,24,2,,,2020-04-06 09:36:18.048513
,,Iraq,961,,61,,279,621,,24,2,,,2020-04-06 09:41:25.926645
,,Iraq,961,,61,,279,621,,24,2,,,2020-04-06 09:46:35.134371
,,Iraq,961,,61,,279,621,,24,2,,,2020-04-06 09:51:44.559535
,,Iraq,961,,61,,279,621,,24,2,,,2020-04-06 09:56:56.310081
,,Iraq,961,,61,,279,621,,24,2,,,2020-04-06 10:02:05.297388
,,Iraq,961,,61,,279,621,,24,2,,,2020-04-06 10:07:13.674573
,,Iraq,961,,61,,279,621,,24,2,,,2020-04-06 10:12:24.347492
,,Iraq,961,,61,,279,621,,24,2,,,2020-04-06 10:17:34.811947
,,Iraq,"1,031",70.0,64,3.0,344,623,,26,2,,,2020-04-06 10:22:42.700251
,,Iraq,"1,031",70.0,64,3.0,344,623,,26,2,,,2020-04-06 10:27:49.478277
,,Iraq,"1,031",70.0,64,3.0,344,623,,26,2,,,2020-04-06 10:32:57.298820
,,Iraq,"1,031",70.0,64,3.0,344,623,,26,2,,,2020-04-06 10:38:05.430242
,,Iraq,"1,031",70.0,64,3.0,344,623,,26,2,,,2020-04-06 10:43:18.800698
,,Iraq,"1,031",70.0,64,3.0,344,623,,26,2,,,2020-04-06 10:48:27.541681
,,Iraq,"1,031",70.0,64,3.0,344,623,,26,2,,,2020-04-06 10:53:35.655590
,,Iraq,"1,031",70.0,64,3.0,344,623,,26,2,,,2020-04-06 10:58:43.523192
,,Iraq,"1,031",70.0,64,3.0,344,623,,26,2,,,2020-04-06 11:03:52.078781
,,Iraq,"1,031",70.0,64,3.0,344,623,,26,2,,,2020-04-06 11:09:12.756182
,,Iraq,"1,031",70.0,64,3.0,344,623,,26,2,,,2020-04-06 11:14:22.740569
,,Iraq,"1,031",70.0,64,3.0,344,623,,26,2,,,2020-04-06 11:19:30.613767
,,Iraq,"1,031",70.0,64,3.0,344,623,,26,2,,,2020-04-06 11:24:42.263734
,,Iraq,"1,031",70.0,64,3.0,344,623,,26,2,,,2020-04-06 11:29:54.169204
,,Iraq,"1,031",70.0,64,3.0,344,623,,26,2,,,2020-04-06 11:35:02.261672
,,Iraq,"1,031",70.0,64,3.0,344,623,,26,2,,,2020-04-06 11:40:13.241559
,,Iraq,"1,031",70.0,64,3.0,344,623,,26,2,,,2020-04-06 11:45:22.998827
,,Iraq,"1,031",70.0,64,3.0,344,623,,26,2,,,2020-04-06 11:50:32.115053
,,Iraq,"1,031",70.0,64,3.0,344,623,,26,2,,,2020-04-06 11:55:39.460225
,,Iraq,"1,031",70.0,64,3.0,344,623,,26,2,,,2020-04-06 12:00:47.411541
,,Iraq,"1,031",70.0,64,3.0,344,623,,26,2,,,2020-04-06 12:05:56.635827
,,Iraq,"1,031",70.0,64,3.0,344,623,,26,2,,,2020-04-06 12:11:04.888874
,,Iraq,"1,031",70.0,64,3.0,344,623,,26,2,,,2020-04-06 12:16:13.644330
,,Iraq,"1,031",70.0,64,3.0,344,623,,26,2,,,2020-04-06 12:21:22.076307
,,Iraq,"1,031",70.0,64,3.0,344,623,,26,2,,,2020-04-06 12:26:30.034649
,,Iraq,"1,031",70.0,64,3.0,344,623,,26,2,,,2020-04-06 12:31:38.551770
,,Iraq,"1,031",70.0,64,3.0,344,623,,26,2,,,2020-04-06 12:36:46.684096
,,Iraq,"1,031",70.0,64,3.0,344,623,,26,2,,,2020-04-06 12:41:55.016637
,,Iraq,"1,031",70.0,64,3.0,344,623,,26,2,,,2020-04-06 12:47:05.572516
,,Iraq,"1,031",70.0,64,3.0,344,623,,26,2,,,2020-04-06 12:52:11.398992
,,Iraq,"1,031",70.0,64,3.0,344,623,,26,2,,,2020-04-06 12:57:17.131910
,,Iraq,"1,031",70.0,64,3.0,344,623,,26,2,,,2020-04-06 13:02:22.829652
,,Iraq,"1,031",70.0,64,3.0,344,623,,26,2,,,2020-04-06 13:07:28.538272
,,Iraq,"1,031",70.0,64,3.0,344,623,,26,2,,,2020-04-06 13:12:34.466532
,,Iraq,"1,031",70.0,64,3.0,344,623,,26,2,,,2020-04-06 13:17:40.177773
,,Iraq,"1,031",70.0,64,3.0,344,623,,26,2,,,2020-04-06 13:22:46.011120
,,Iraq,"1,031",70.0,64,3.0,344,623,,26,2,,,2020-04-06 13:27:51.879018
,,Iraq,"1,031",70.0,64,3.0,344,623,,26,2,,,2020-04-06 13:32:57.468566
,,Iraq,"1,031",70.0,64,3.0,344,623,,26,2,,,2020-04-06 13:38:03.242227
,,Iraq,"1,031",70.0,64,3.0,344,623,,26,2,,,2020-04-06 13:43:09.095064
,,Iraq,"1,031",70.0,64,3.0,344,623,,26,2,,,2020-04-06 13:48:14.809374
,,Iraq,"1,031",70.0,64,3.0,344,623,,26,2,,,2020-04-06 13:53:20.661939
,,Iraq,"1,031",70.0,64,3.0,344,623,,26,2,,,2020-04-06 13:58:26.650877
,,Iraq,"1,031",70.0,64,3.0,344,623,,26,2,,,2020-04-06 14:03:32.328156
,,Iraq,"1,031",70.0,64,3.0,344,623,,26,2,,,2020-04-06 14:08:38.184842
,,Iraq,"1,031",70.0,64,3.0,344,623,,26,2,,,2020-04-06 14:13:44.245622
,,Iraq,"1,031",70.0,64,3.0,344,623,,26,2,,,2020-04-06 14:18:50.230697
,,Iraq,"1,031",70.0,64,3.0,344,623,,26,2,,,2020-04-06 14:23:56.109126
,,Iraq,"1,031",70.0,64,3.0,344,623,,26,2,,,2020-04-06 14:29:02.099892
,,Iraq,"1,031",70.0,64,3.0,344,623,,26,2,,,2020-04-06 14:34:08.033741
,,Iraq,"1,031",70.0,64,3.0,344,623,,26,2,,,2020-04-06 14:39:13.964938
,,Iraq,"1,031",70.0,64,3.0,344,623,,26,2,,,2020-04-06 14:44:19.749007
,,Iraq,"1,031",70.0,64,3.0,344,623,,26,2,,,2020-04-06 14:49:25.550531
,,Iraq,"1,031",70.0,64,3.0,344,623,,26,2,,,2020-04-06 14:54:31.126620
,,Iraq,"1,031",70.0,64,3.0,344,623,,26,2,,,2020-04-06 14:59:36.929781
,,Iraq,"1,031",70.0,64,3.0,344,623,,26,2,,,2020-04-06 15:04:42.945793
,,Iraq,"1,031",70.0,64,3.0,344,623,,26,2,,,2020-04-06 15:09:48.795224
,,Iraq,"1,031",70.0,64,3.0,344,623,,26,2,,,2020-04-06 15:14:54.383854
,,Iraq,"1,031",70.0,64,3.0,344,623,,26,2,,,2020-04-06 15:20:00.300672
,,Iraq,"1,031",70.0,64,3.0,344,623,,26,2,,,2020-04-06 15:25:06.116199
,,Iraq,"1,031",70.0,64,3.0,344,623,,26,2,,,2020-04-06 15:30:11.919952
,,Iraq,"1,031",70.0,64,3.0,344,623,,26,2,,,2020-04-06 15:35:17.442419
,,Iraq,"1,031",70.0,64,3.0,344,623,,26,2,,,2020-04-06 15:40:23.254951
,,Iraq,"1,031",70.0,64,3.0,344,623,,26,2,,,2020-04-06 15:45:28.718127
,,Iraq,"1,031",70.0,64,3.0,344,623,,26,2,,,2020-04-06 15:50:34.750011
,,Iraq,"1,031",70.0,64,3.0,344,623,,26,2,,,2020-04-06 15:55:40.525545
,,Iraq,"1,031",70.0,64,3.0,344,623,,26,2,,,2020-04-06 16:00:46.497210
,,Iraq,"1,031",70.0,64,3.0,344,623,,26,2,,,2020-04-06 16:05:52.045207
,,Iraq,"1,031",70.0,64,3.0,344,623,,26,2,,,2020-04-06 16:10:57.998808
,,Iraq,"1,031",70.0,64,3.0,344,623,,26,2,,,2020-04-06 16:16:03.677702
,,Iraq,"1,031",70.0,64,3.0,344,623,,26,2,,,2020-04-06 16:21:09.514176
,,Iraq,"1,031",70.0,64,3.0,344,623,,26,2,,,2020-04-06 16:26:15.418890
,,Iraq,"1,031",70.0,64,3.0,344,623,,26,2,,,2020-04-06 16:31:21.271359
,,Iraq,"1,031",70.0,64,3.0,344,623,,26,2,,,2020-04-06 16:36:26.839198
,,Iraq,"1,031",70.0,64,3.0,344,623,,26,2,,,2020-04-06 16:41:32.532610
,,Iraq,"1,031",70.0,64,3.0,344,623,,26,2,,,2020-04-06 16:46:38.462310
,,Iraq,"1,031",70.0,64,3.0,344,623,,26,2,,,2020-04-06 16:51:44.403743
,,Iraq,"1,031",70.0,64,3.0,344,623,,26,2,,,2020-04-06 16:56:49.892149
,,Iraq,"1,031",70.0,64,3.0,344,623,,26,2,,,2020-04-06 17:01:55.758571
,,Iraq,"1,031",70.0,64,3.0,344,623,,26,2,,,2020-04-06 17:07:01.371669
,,Iraq,"1,031",70.0,64,3.0,344,623,,26,2,,,2020-04-06 17:12:07.273195
,,Iraq,"1,031",70.0,64,3.0,344,623,,26,2,,,2020-04-06 17:17:13.003197
,,Iraq,"1,031",70.0,64,3.0,344,623,,26,2,,,2020-04-06 17:22:18.698083
,,Iraq,"1,031",70.0,64,3.0,344,623,,26,2,,,2020-04-06 17:27:24.525637
,,Iraq,"1,031",70.0,64,3.0,344,623,,26,2,,,2020-04-06 17:32:30.252110
,,Iraq,"1,031",70.0,64,3.0,344,623,,26,2,,,2020-04-06 17:37:36.209310
,,Iraq,"1,031",70.0,64,3.0,344,623,,26,2,,,2020-04-06 17:42:42.169385
,,Iraq,"1,031",70.0,64,3.0,344,623,,26,2,,,2020-04-06 17:47:47.942614
,,Iraq,"1,031",70.0,64,3.0,344,623,,26,2,,,2020-04-06 17:52:53.793455
,,Iraq,"1,031",70.0,64,3.0,344,623,,26,2,,,2020-04-06 17:57:59.826212
,,Iraq,"1,031",70.0,64,3.0,344,623,,26,2,,,2020-04-06 18:03:05.715771
,,Iraq,"1,031",70.0,64,3.0,344,623,,26,2,,,2020-04-06 18:08:11.607741
,,Iraq,"1,031",70.0,64,3.0,344,623,,26,2,,,2020-04-06 18:13:17.465557
,,Iraq,"1,031",70.0,64,3.0,344,623,,26,2,,,2020-04-06 18:18:23.402804
,,Iraq,"1,031",70.0,64,3.0,344,623,,26,2,,,2020-04-06 18:23:29.269646
,,Iraq,"1,031",70.0,64,3.0,344,623,,26,2,,,2020-04-06 18:28:35.340857
,,Iraq,"1,031",70.0,64,3.0,344,623,,26,2,,,2020-04-06 18:33:41.226820
,,Iraq,"1,031",70.0,64,3.0,344,623,,26,2,,,2020-04-06 18:38:47.095953
,,Iraq,"1,031",70.0,64,3.0,344,623,,26,2,,,2020-04-06 18:43:53.067125
,,Iraq,"1,031",70.0,64,3.0,344,623,,26,2,,,2020-04-06 18:48:58.800276
,,Iraq,"1,031",70.0,64,3.0,344,623,,26,2,,,2020-04-06 18:54:04.375921
,,Iraq,"1,031",70.0,64,3.0,344,623,,26,2,,,2020-04-06 18:59:10.228222
,,Iraq,"1,031",70.0,64,3.0,344,623,,26,2,,,2020-04-06 19:04:15.933948
,,Iraq,"1,031",70.0,64,3.0,344,623,,26,2,,,2020-04-06 19:09:22.583742
,,Iraq,"1,031",70.0,64,3.0,344,623,,26,2,,,2020-04-06 19:14:28.508338
,,Iraq,"1,031",70.0,64,3.0,344,623,,26,2,,,2020-04-06 19:19:34.593548
,,Iraq,"1,031",70.0,64,3.0,344,623,,26,2,,,2020-04-06 19:24:40.846704
,,Iraq,"1,031",70.0,64,3.0,344,623,,26,2,,,2020-04-06 19:29:46.473419
,,Iraq,"1,031",70.0,64,3.0,344,623,,26,2,,,2020-04-06 19:34:52.373005
,,Iraq,"1,031",70.0,64,3.0,344,623,,26,2,,,2020-04-06 19:39:58.230225
,,Iraq,"1,031",70.0,64,3.0,344,623,,26,2,,,2020-04-06 19:45:03.270367
,,Iraq,"1,031",70.0,64,3.0,344,623,,26,2,,,2020-04-06 19:50:09.516527
,,Iraq,"1,031",70.0,64,3.0,344,623,,26,2,,,2020-04-06 19:55:15.525631
,,Iraq,"1,031",70.0,64,3.0,344,623,,26,2,,,2020-04-06 20:00:21.643796
,,Iraq,"1,031",70.0,64,3.0,344,623,,26,2,,,2020-04-06 20:05:30.048775
,,Iraq,"1,031",70.0,64,3.0,344,623,,26,2,,,2020-04-06 20:10:49.381425
,,Iraq,"1,031",70.0,64,3.0,344,623,,26,2,,,2020-04-06 20:16:07.494836
,,Iraq,"1,031",,64,,344,623,,26,2,,,2020-04-06 20:21:26.158760
,,Iraq,"1,031",,64,,344,623,,26,2,,,2020-04-06 20:26:40.120406
,,Iraq,"1,031",,64,,344,623,,26,2,,,2020-04-06 20:31:48.241790
,,Iraq,"1,031",,64,,344,623,,26,2,,,2020-04-06 20:37:04.456872
,,Iraq,"1,031",,64,,344,623,,26,2,,,2020-04-06 20:42:11.102777
,,Iraq,"1,031",,64,,344,623,,26,2,,,2020-04-06 20:47:24.532969
,,Iraq,"1,031",,64,,344,623,,26,2,,,2020-04-06 20:52:39.976253
,,Iraq,"1,031",,64,,344,623,,26,2,,,2020-04-06 20:57:57.059381
,,Iraq,"1,031",,64,,344,623,,26,2,,,2020-04-06 21:03:13.387806
,,Iraq,"1,031",,64,,344,623,,26,2,,,2020-04-06 21:08:29.214340
,,Iraq,"1,031",,64,,344,623,,26,2,,,2020-04-06 21:13:44.152895
,,Iraq,"1,031",,64,,344,623,,26,2,,,2020-04-06 21:19:02.469209
,,Iraq,"1,031",,64,,344,623,,26,2,,,2020-04-06 21:24:22.934972
,,Iraq,"1,031",,64,,344,623,,26,2,,,2020-04-06 21:29:39.474307
,,Iraq,"1,031",,64,,344,623,,26,2,,,2020-04-06 21:34:45.413848
,,Iraq,"1,031",,64,,344,623,,26,2,,,2020-04-06 21:39:51.398562
,,Iraq,"1,031",,64,,344,623,,26,2,,,2020-04-06 21:44:57.359395
,,Iraq,"1,031",,64,,344,623,,26,2,,,2020-04-06 21:50:03.271916
,,Iraq,"1,031",,64,,344,623,,26,2,,,2020-04-06 21:55:09.160258
,,Iraq,"1,031",,64,,344,623,,26,2,,,2020-04-06 22:00:15.148969
,,Iraq,"1,031",,64,,344,623,,26,2,,,2020-04-06 22:05:21.263993
,,Iraq,"1,031",,64,,344,623,,26,2,,,2020-04-06 22:10:26.838141
,,Iraq,"1,031",,64,,344,623,,26,2,,,2020-04-06 22:15:32.791903
,,Iraq,"1,031",,64,,344,623,,26,2,,,2020-04-06 22:20:38.603760
,,Iraq,"1,031",,64,,344,623,,26,2,,,2020-04-06 22:25:44.465343
,,Iraq,"1,031",,64,,344,623,,26,2,,,2020-04-06 22:30:50.232691
,,Iraq,"1,031",,64,,344,623,,26,2,,,2020-04-06 22:35:56.255874
,,Iraq,"1,031",,64,,344,623,,26,2,,,2020-04-06 22:41:02.207386
,,Iraq,"1,031",,64,,344,623,,26,2,,,2020-04-06 22:46:08.027456
,,Iraq,"1,031",,64,,344,623,,26,2,,,2020-04-06 22:51:13.849086
,,Iraq,"1,031",,64,,344,623,,26,2,,,2020-04-06 22:56:19.715843
,,Iraq,"1,031",,64,,344,623,,26,2,,,2020-04-06 23:01:25.517854
,,Iraq,"1,031",,64,,344,623,,26,2,,,2020-04-06 23:06:31.372019
,,Iraq,"1,031",,64,,344,623,,26,2,,,2020-04-06 23:11:37.294151
,,Iraq,"1,031",,64,,344,623,,26,2,,,2020-04-06 23:21:44.025599
,,Iraq,"1,031",,64,,344,623,,26,2,,,2020-04-06 23:26:49.866406
,,Iraq,"1,031",,64,,344,623,,26,2,,,2020-04-06 23:31:56.000447
,,Iraq,"1,031",,64,,344,623,,26,2,,,2020-04-06 23:37:01.518831
,,Iraq,"1,031",,64,,344,623,,26,2,,,2020-04-06 23:42:07.457548
,,Iraq,"1,031",,64,,344,623,,26,2,,,2020-04-06 23:47:13.571661
,,Iraq,"1,031",,64,,344,623,,26,2,,,2020-04-06 23:52:19.644105
,,Iraq,"1,031",,64,,344,623,,26,2,,,2020-04-06 23:57:25.431541
,,Iraq,"1,031",,64,,344,623,,26,2,,,2020-04-07 00:02:31.216309
,,Iraq,"1,031",,64,,344,623,,26,2,,,2020-04-07 00:07:36.759879
,,Iraq,"1,031",,64,,344,623,,26,2,,,2020-04-07 00:12:42.585215
,,Iraq,"1,031",,64,,344,623,,26,2,,,2020-04-07 00:17:48.382913
,,Iraq,"1,031",,64,,344,623,,26,2,,,2020-04-07 00:22:54.265588
,,Iraq,"1,031",,64,,344,623,,26,2,,,2020-04-07 00:28:00.093755
,,Iraq,"1,031",,64,,344,623,,26,2,,,2020-04-07 00:33:05.935791
,,Iraq,"1,031",,64,,344,623,,26,2,,,2020-04-07 00:38:11.869749
,,Iraq,"1,031",,64,,344,623,,26,2,,,2020-04-07 00:43:17.695145
,,Iraq,"1,031",,64,,344,623,,26,2,,,2020-04-07 00:48:23.531247
,,Iraq,"1,031",,64,,344,623,,26,2,,,2020-04-07 00:53:29.347596
,,Iraq,"1,031",,64,,344,623,,26,2,,,2020-04-07 00:58:35.226672
,,Iraq,"1,031",,64,,344,623,,26,2,,,2020-04-07 01:03:41.095840
,,Iraq,"1,031",,64,,344,623,,26,2,,,2020-04-07 01:08:47.082558
,,Iraq,"1,031",,64,,344,623,,26,2,,,2020-04-07 01:13:53.051601
,,Iraq,"1,031",,64,,344,623,,26,2,,,2020-04-07 01:18:58.964667
,,Iraq,"1,031",,64,,344,623,,26,2,,,2020-04-07 01:24:04.510471
,,Iraq,"1,031",,64,,344,623,,26,2,,,2020-04-07 01:29:10.328973
,,Iraq,"1,031",,64,,344,623,,26,2,,,2020-04-07 01:34:16.160279
,,Iraq,"1,031",,64,,344,623,,26,2,,,2020-04-07 01:39:22.017511
,,Iraq,"1,031",,64,,344,623,,26,2,,,2020-04-07 01:44:27.837779
,,Iraq,"1,031",,64,,344,623,,26,2,,,2020-04-07 01:49:33.693244
,,Iraq,"1,031",,64,,344,623,,26,2,,,2020-04-07 01:54:39.516623
,,Iraq,"1,031",,64,,344,623,,26,2,,,2020-04-07 01:59:45.406154
,,Iraq,"1,031",,64,,344,623,,26,2,,,2020-04-07 02:04:51.338762
,,Iraq,"1,031",,64,,344,623,,26,2,,,2020-04-07 02:09:57.355985
,,Iraq,"1,031",,64,,344,623,,26,2,,,2020-04-07 02:15:03.279151
,,Iraq,"1,031",,64,,344,623,,26,2,,,2020-04-07 02:20:09.267215
,,Iraq,"1,031",,64,,344,623,,26,2,,,2020-04-07 02:25:15.114033
,,Iraq,"1,031",,64,,344,623,,26,2,,,2020-04-07 02:30:21.024024
,,Iraq,"1,031",,64,,344,623,,26,2,,,2020-04-07 02:35:26.974650
,,Iraq,"1,031",,64,,344,623,,26,2,,,2020-04-07 02:40:32.818199
,,Iraq,"1,031",,64,,344,623,,26,2,,,2020-04-07 02:45:38.881136
,,Iraq,"1,031",,64,,344,623,,26,2,,,2020-04-07 02:50:45.056742
,,Iraq,"1,031",,64,,344,623,,26,2,,,2020-04-07 02:55:51.031943
,,Iraq,"1,031",,64,,344,623,,26,2,,,2020-04-07 03:00:56.903673
,,Iraq,"1,031",,64,,344,623,,26,2,,,2020-04-07 03:06:02.719555
,,Iraq,"1,031",,64,,344,623,,26,2,,,2020-04-07 03:11:08.694821
,,Iraq,"1,031",,64,,344,623,,26,2,,,2020-04-07 03:16:14.554466
,,Iraq,"1,031",,64,,344,623,,26,2,,,2020-04-07 03:21:20.125683
,,Iraq,"1,031",,64,,344,623,,26,2,,,2020-04-07 03:26:25.955360
,,Iraq,"1,031",,64,,344,623,,26,2,,,2020-04-07 03:31:31.917984
,,Iraq,"1,031",,64,,344,623,,26,2,,,2020-04-07 03:36:37.814502
,,Iraq,"1,031",,64,,344,623,,26,2,,,2020-04-07 03:41:43.746999
,,Iraq,"1,031",,64,,344,623,,26,2,,,2020-04-07 03:46:49.756078
,,Iraq,"1,031",,64,,344,623,,26,2,,,2020-04-07 03:51:55.570214
,,Iraq,"1,031",,64,,344,623,,26,2,,,2020-04-07 03:57:01.510775
,,Iraq,"1,031",,64,,344,623,,26,2,,,2020-04-07 04:02:07.424423
,,Iraq,"1,031",,64,,344,623,,26,2,,,2020-04-07 04:07:13.292641
,,Iraq,"1,031",,64,,344,623,,26,2,,,2020-04-07 04:12:19.156279
,,Iraq,"1,031",,64,,344,623,,26,2,,,2020-04-07 04:17:24.936897
,,Iraq,"1,031",,64,,344,623,,26,2,,,2020-04-07 04:22:30.865292
,,Iraq,"1,031",,64,,344,623,,26,2,,,2020-04-07 04:27:36.504750
,,Iraq,"1,031",,64,,344,623,,26,2,,,2020-04-07 04:32:42.438964
,,Iraq,"1,031",,64,,344,623,,26,2,,,2020-04-07 04:37:48.373380
,,Iraq,"1,031",,64,,344,623,,26,2,,,2020-04-07 04:42:54.281607
,,Iraq,"1,031",,64,,344,623,,26,2,,,2020-04-07 04:48:00.268998
,,Iraq,"1,031",,64,,344,623,,26,2,,,2020-04-07 04:53:06.236405
,,Iraq,"1,031",,64,,344,623,,26,2,,,2020-04-07 04:58:11.789929
,,Iraq,"1,031",,64,,344,623,,26,2,,,2020-04-07 05:03:17.694380
,,Iraq,"1,031",,64,,344,623,,26,2,,,2020-04-07 05:08:23.775489
,,Iraq,"1,031",,64,,344,623,,26,2,,,2020-04-07 05:13:29.664485
,,Iraq,"1,031",,64,,344,623,,26,2,,,2020-04-07 05:18:35.548746
,,Iraq,"1,031",,64,,344,623,,26,2,,,2020-04-07 05:23:41.431687
,,Iraq,"1,031",,64,,344,623,,26,2,,,2020-04-07 05:28:47.429262
,,Iraq,"1,031",,64,,344,623,,26,2,,,2020-04-07 05:33:52.967454
,,Iraq,"1,031",,64,,344,623,,26,2,,,2020-04-07 05:38:58.842823
,,Iraq,"1,031",,64,,344,623,,26,2,,,2020-04-07 05:44:04.829212
,,Iraq,"1,031",,64,,344,623,,26,2,,,2020-04-07 05:49:10.676796
,,Iraq,"1,031",,64,,344,623,,26,2,,,2020-04-07 05:54:16.262445
,,Iraq,"1,031",,64,,344,623,,26,2,,,2020-04-07 05:59:22.159832
,,Iraq,"1,031",,64,,344,623,,26,2,,,2020-04-07 06:04:28.151894
,,Iraq,"1,031",,64,,344,623,,26,2,,,2020-04-07 06:09:34.070687
,,Iraq,"1,031",,64,,344,623,,26,2,,,2020-04-07 06:14:39.674543
,,Iraq,"1,031",,64,,344,623,,26,2,,,2020-04-07 06:19:47.115974
,,Iraq,"1,031",,64,,344,623,,26,2,,,2020-04-07 06:24:53.043338
,,Iraq,"1,031",,64,,344,623,,26,2,,,2020-04-07 06:29:58.922672
,,Iraq,"1,031",,64,,344,623,,26,2,,,2020-04-07 06:35:04.900515
,,Iraq,"1,031",,64,,344,623,,26,2,,,2020-04-07 06:40:10.814183
,,Iraq,"1,031",,64,,344,623,,26,2,,,2020-04-07 06:45:16.769616
,,Iraq,"1,031",,64,,344,623,,26,2,,,2020-04-07 06:50:22.435017
,,Iraq,"1,031",,64,,344,623,,26,2,,,2020-04-07 06:55:28.431517
,,Iraq,"1,031",,64,,344,623,,26,2,,,2020-04-07 07:00:34.368227
,,Iraq,"1,031",,64,,344,623,,26,2,,,2020-04-07 07:05:40.381164
,,Iraq,"1,031",,64,,344,623,,26,2,,,2020-04-07 07:10:46.595640
,,Iraq,"1,031",,64,,344,623,,26,2,,,2020-04-07 07:15:52.940223
,,Iraq,"1,031",,64,,344,623,,26,2,,,2020-04-07 07:20:59.174068
,,Iraq,"1,031",,64,,344,623,,26,2,,,2020-04-07 07:26:05.409422
,,Iraq,"1,031",,64,,344,623,,26,2,,,2020-04-07 07:31:11.598676
,,Iraq,"1,031",,64,,344,623,,26,2,,,2020-04-07 07:36:17.499612
,,Iraq,"1,031",,64,,344,623,,26,2,,,2020-04-07 07:41:23.651496
,,Iraq,"1,031",,64,,344,623,,26,2,,,2020-04-07 07:46:29.583546
,,Iraq,"1,031",,64,,344,623,,26,2,,,2020-04-07 07:51:35.750669
,,Iraq,"1,031",,64,,344,623,,26,2,,,2020-04-07 07:56:41.958047
,,Iraq,"1,031",,64,,344,623,,26,2,,,2020-04-07 08:01:48.253944
,,Iraq,"1,031",,64,,344,623,,26,2,,,2020-04-07 08:06:54.419022
,,Iraq,"1,031",,64,,344,623,,26,2,,,2020-04-07 08:12:00.282161
,,Iraq,"1,031",,64,,344,623,,26,2,,,2020-04-07 08:17:06.501867
,,Iraq,"1,031",,64,,344,623,,26,2,,,2020-04-07 08:22:13.927545
,,Iraq,"1,031",,64,,344,623,,26,2,,,2020-04-07 08:27:20.228826
,,Iraq,"1,031",,64,,344,623,,26,2,,,2020-04-07 08:32:26.672095
,,Iraq,"1,031",,64,,344,623,,26,2,,,2020-04-07 08:37:33.009638
,,Iraq,"1,031",,64,,344,623,,26,2,,,2020-04-07 08:42:39.334392
,,Iraq,"1,031",,64,,344,623,,26,2,,,2020-04-07 08:47:45.569376
,,Iraq,"1,031",,64,,344,623,,26,2,,,2020-04-07 08:52:51.864321
,,Iraq,"1,031",,64,,344,623,,26,2,,,2020-04-07 08:57:58.168398
,,Iraq,"1,031",,64,,344,623,,26,2,,,2020-04-07 09:03:04.355877
,,Iraq,"1,031",,64,,344,623,,26,2,,,2020-04-07 09:08:10.710630
,,Iraq,"1,031",,64,,344,623,,26,2,,,2020-04-07 09:13:16.933945
,,Iraq,"1,031",,64,,344,623,,26,2,,,2020-04-07 09:18:23.200759
,,Iraq,"1,031",,64,,344,623,,26,2,,,2020-04-07 09:23:29.449204
,,Iraq,"1,031",,64,,344,623,,26,2,,,2020-04-07 09:28:35.770123
,,Iraq,"1,031",,64,,344,623,,26,2,,,2020-04-07 09:33:42.098266
,,Iraq,"1,031",,64,,344,623,,26,2,,,2020-04-07 09:38:48.300760
,,Iraq,"1,031",,64,,344,623,,26,2,,,2020-04-07 09:43:54.585546
,,Iraq,"1,031",,64,,344,623,,26,2,,,2020-04-07 09:49:01.602073
,,Iraq,"1,031",,64,,344,623,,26,2,,,2020-04-07 09:54:07.585558
,,Iraq,"1,031",,64,,344,623,,26,2,,,2020-04-07 09:59:13.593936
,,Iraq,"1,031",,64,,344,623,,26,2,,,2020-04-07 10:04:19.605097
,,Iraq,"1,031",,64,,344,623,,26,2,,,2020-04-07 10:09:26.153246
,,Iraq,"1,031",,64,,344,623,,26,2,,,2020-04-07 10:14:32.431346
,,Iraq,"1,031",,64,,344,623,,26,2,,,2020-04-07 10:19:38.709133
,,Iraq,"1,031",,64,,344,623,,26,2,,,2020-04-07 10:24:44.836519
,,Iraq,"1,031",,64,,344,623,,26,2,,,2020-04-07 10:29:51.313412
,,Iraq,"1,031",,64,,344,623,,26,2,,,2020-04-07 10:34:57.642894
,,Iraq,"1,122",91.0,65,1.0,373,684,,28,2,"26,331",655.0,2020-04-07 10:40:03.887678
,,Iraq,"1,122",91.0,65,1.0,373,684,,28,2,"26,331",655.0,2020-04-07 10:45:10.019525
,,Iraq,"1,122",91.0,65,1.0,373,684,,28,2,"26,331",655.0,2020-04-07 10:50:16.409802
,,Iraq,"1,122",91.0,65,1.0,373,684,,28,2,"26,331",655.0,2020-04-07 10:55:22.926695
,,Iraq,"1,122",91.0,65,1.0,373,684,,28,2,"26,331",655.0,2020-04-07 11:00:29.482026
,,Iraq,"1,122",91.0,65,1.0,373,684,,28,2,"26,331",655.0,2020-04-07 11:05:36.658395
,,Iraq,"1,122",91.0,65,1.0,373,684,,28,2,"26,331",655.0,2020-04-07 11:10:42.918114
,,Iraq,"1,122",91.0,65,1.0,373,684,,28,2,"26,331",655.0,2020-04-07 11:15:49.346464
,,Iraq,"1,122",91.0,65,1.0,373,684,,28,2,"26,331",655.0,2020-04-07 11:20:55.765750
,,Iraq,"1,122",91.0,65,1.0,373,684,,28,2,"26,331",655.0,2020-04-07 11:26:02.416996
,,Iraq,"1,122",91.0,65,1.0,373,684,,28,2,"26,331",655.0,2020-04-07 11:31:08.928054
,,Iraq,"1,122",91.0,65,1.0,373,684,,28,2,"26,331",655.0,2020-04-07 11:36:16.250304
,,Iraq,"1,122",91.0,65,1.0,373,684,,28,2,"26,331",655.0,2020-04-07 11:41:22.806289
,,Iraq,"1,122",91.0,65,1.0,373,684,,28,2,"26,331",655.0,2020-04-07 11:46:29.475822
,,Iraq,"1,122",91.0,65,1.0,373,684,,28,2,"26,331",655.0,2020-04-07 11:51:36.219890
,,Iraq,"1,122",91.0,65,1.0,373,684,,28,2,"26,331",655.0,2020-04-07 11:56:42.934768
,,Iraq,"1,122",91.0,65,1.0,373,684,,28,2,"26,331",655.0,2020-04-07 12:01:49.551615
,,Iraq,"1,122",91.0,65,1.0,373,684,,28,2,"26,331",655.0,2020-04-07 12:06:56.170151
,,Iraq,"1,122",91.0,65,1.0,373,684,,28,2,"26,331",655.0,2020-04-07 12:12:02.839491
,,Iraq,"1,122",91.0,65,1.0,373,684,,28,2,"26,331",655.0,2020-04-07 12:17:09.429261
,,Iraq,"1,122",91.0,65,1.0,373,684,,28,2,"26,331",655.0,2020-04-07 12:22:16.278456
,,Iraq,"1,122",91.0,65,1.0,373,684,,28,2,"26,331",655.0,2020-04-07 12:27:22.685087
,,Iraq,"1,122",91.0,65,1.0,373,684,,28,2,"26,331",655.0,2020-04-07 12:32:29.234155
,,Iraq,"1,122",91.0,65,1.0,373,684,,28,2,"26,331",655.0,2020-04-07 12:37:35.887640
,,Iraq,"1,122",91.0,65,1.0,373,684,,28,2,"26,331",655.0,2020-04-07 12:42:42.637252
,,Iraq,"1,122",91.0,65,1.0,373,684,,28,2,"26,331",655.0,2020-04-07 12:47:49.261088
,,Iraq,"1,122",91.0,65,1.0,373,684,,28,2,"26,331",655.0,2020-04-07 12:52:55.947051
,,Iraq,"1,122",91.0,65,1.0,373,684,,28,2,"26,331",655.0,2020-04-07 12:58:02.492079
,,Iraq,"1,122",91.0,65,1.0,373,684,,28,2,"26,331",655.0,2020-04-07 13:03:08.883686
,,Iraq,"1,122",91.0,65,1.0,373,684,,28,2,"26,331",655.0,2020-04-07 13:08:15.385852
,,Iraq,"1,122",91.0,65,1.0,373,684,,28,2,"26,331",655.0,2020-04-07 13:13:22.297316
,,Iraq,"1,122",91.0,65,1.0,373,684,,28,2,"26,331",655.0,2020-04-07 13:18:28.983647
,,Iraq,"1,122",91.0,65,1.0,373,684,,28,2,"26,331",655.0,2020-04-07 13:23:35.636118
,,Iraq,"1,122",91.0,65,1.0,373,684,,28,2,"26,331",655.0,2020-04-07 13:28:42.203095
,,Iraq,"1,122",91.0,65,1.0,373,684,,28,2,"26,331",655.0,2020-04-07 13:33:48.790598
,,Iraq,"1,122",91.0,65,1.0,373,684,,28,2,"26,331",655.0,2020-04-07 13:38:55.386785
,,Iraq,"1,122",91.0,65,1.0,373,684,,28,2,"26,331",655.0,2020-04-07 13:44:01.906521
,,Iraq,"1,122",91.0,65,1.0,373,684,,28,2,"26,331",655.0,2020-04-07 13:49:08.508553
,,Iraq,"1,122",91.0,65,1.0,373,684,,28,2,"26,331",655.0,2020-04-07 13:54:15.062917
,,Iraq,"1,122",91.0,65,1.0,373,684,,28,2,"26,331",655.0,2020-04-07 13:59:24.595700
,,Iraq,"1,122",91.0,65,1.0,373,684,,28,2,"26,331",655.0,2020-04-07 14:04:31.651920
,,Iraq,"1,122",91.0,65,1.0,373,684,,28,2,"26,331",655.0,2020-04-07 14:09:37.957921
,,Iraq,"1,122",91.0,65,1.0,373,684,,28,2,"26,331",655.0,2020-04-07 14:14:44.545652
,,Iraq,"1,122",91.0,65,1.0,373,684,,28,2,"26,331",655.0,2020-04-07 14:19:50.524268
,,Iraq,"1,122",91.0,65,1.0,373,684,,28,2,"26,331",655.0,2020-04-07 14:24:56.879808
,,Iraq,"1,122",91.0,65,1.0,373,684,,28,2,"26,331",655.0,2020-04-07 14:30:03.183051
,,Iraq,"1,122",91.0,65,1.0,373,684,,28,2,"26,331",655.0,2020-04-07 14:35:09.506313
,,Iraq,"1,122",91.0,65,1.0,373,684,,28,2,"26,331",655.0,2020-04-07 14:40:15.804549
,,Iraq,"1,122",91.0,65,1.0,373,684,,28,2,"26,331",655.0,2020-04-07 14:45:22.180297
,,Iraq,"1,122",91.0,65,1.0,373,684,,28,2,"26,331",655.0,2020-04-07 14:50:28.463174
,,Iraq,"1,122",91.0,65,1.0,373,684,,28,2,"26,331",655.0,2020-04-07 14:55:34.960038
,,Iraq,"1,122",91.0,65,1.0,373,684,,28,2,"26,331",655.0,2020-04-07 15:00:41.225115
,,Iraq,"1,122",91.0,65,1.0,373,684,,28,2,"26,331",655.0,2020-04-07 15:05:47.445760
,,Iraq,"1,122",91.0,65,1.0,373,684,,28,2,"26,331",655.0,2020-04-07 15:10:53.686725
,,Iraq,"1,122",91.0,65,1.0,373,684,,28,2,"26,331",655.0,2020-04-07 15:15:59.925772
,,Iraq,"1,122",91.0,65,1.0,373,684,,28,2,"26,331",655.0,2020-04-07 15:21:06.154886
,,Iraq,"1,122",91.0,65,1.0,373,684,,28,2,"26,331",655.0,2020-04-07 15:26:12.366224
,,Iraq,"1,122",91.0,65,1.0,373,684,,28,2,"26,331",655.0,2020-04-07 15:31:18.434475
,,Iraq,"1,122",91.0,65,1.0,373,684,,28,2,"26,331",655.0,2020-04-07 15:36:24.547070
,,Iraq,"1,122",91.0,65,1.0,373,684,,28,2,"26,331",655.0,2020-04-07 15:41:30.888002
,,Iraq,"1,122",91.0,65,1.0,373,684,,28,2,"26,331",655.0,2020-04-07 15:46:37.006885
,,Iraq,"1,122",91.0,65,1.0,373,684,,28,2,"26,331",655.0,2020-04-07 15:51:43.272678
,,Iraq,"1,122",91.0,65,1.0,373,684,,28,2,"26,331",655.0,2020-04-07 15:56:49.756361
,,Iraq,"1,122",91.0,65,1.0,373,684,,28,2,"26,331",655.0,2020-04-07 16:01:55.863219
,,Iraq,"1,122",91.0,65,1.0,373,684,,28,2,"26,331",655.0,2020-04-07 16:07:01.913996
,,Iraq,"1,122",91.0,65,1.0,373,684,,28,2,"26,331",655.0,2020-04-07 16:12:08.186099
,,Iraq,"1,122",91.0,65,1.0,373,684,,28,2,"26,331",655.0,2020-04-07 16:17:14.603578
,,Iraq,"1,122",91.0,65,1.0,373,684,,28,2,"26,331",655.0,2020-04-07 16:22:20.924927
,,Iraq,"1,122",91.0,65,1.0,373,684,,28,2,"26,331",655.0,2020-04-07 16:27:27.239819
,,Iraq,"1,122",91.0,65,1.0,373,684,,28,2,"26,331",655.0,2020-04-07 16:32:33.288361
,,Iraq,"1,122",91.0,65,1.0,373,684,,28,2,"26,331",655.0,2020-04-07 16:37:39.732055
,,Iraq,"1,122",91.0,65,1.0,373,684,,28,2,"26,331",655.0,2020-04-07 16:42:46.110688
,,Iraq,"1,122",91.0,65,1.0,373,684,,28,2,"26,331",655.0,2020-04-07 16:47:52.454043
,,Iraq,"1,122",91.0,65,1.0,373,684,,28,2,"26,331",655.0,2020-04-07 16:52:58.970605
,,Iraq,"1,122",91.0,65,1.0,373,684,,28,2,"26,331",655.0,2020-04-07 16:58:05.353202
,,Iraq,"1,122",91.0,65,1.0,373,684,,28,2,"26,331",655.0,2020-04-07 17:03:11.819757
,,Iraq,"1,122",91.0,65,1.0,373,684,,28,2,"26,331",655.0,2020-04-07 17:08:18.276324
,,Iraq,"1,122",91.0,65,1.0,373,684,,28,2,"26,331",655.0,2020-04-07 17:13:24.779673
,,Iraq,"1,122",91.0,65,1.0,373,684,,28,2,"26,331",655.0,2020-04-07 17:18:30.891848
,,Iraq,"1,122",91.0,65,1.0,373,684,,28,2,"26,331",655.0,2020-04-07 17:23:37.176759
,,Iraq,"1,122",91.0,65,1.0,373,684,,28,2,"26,331",655.0,2020-04-07 17:28:43.629385
,,Iraq,"1,122",91.0,65,1.0,373,684,,28,2,"26,331",655.0,2020-04-07 17:33:50.059798
,,Iraq,"1,122",91.0,65,1.0,373,684,,28,2,"26,331",655.0,2020-04-07 17:38:56.408541
,,Iraq,"1,122",91.0,65,1.0,373,684,,28,2,"26,331",655.0,2020-04-07 17:44:03.076265
,,Iraq,"1,122",91.0,65,1.0,373,684,,28,2,"26,331",655.0,2020-04-07 17:49:09.243909
,,Iraq,"1,122",91.0,65,1.0,373,684,,28,2,"26,331",655.0,2020-04-07 17:54:15.661924
,,Iraq,"1,122",91.0,65,1.0,373,684,,28,2,"26,331",655.0,2020-04-07 17:59:22.064017
,,Iraq,"1,122",91.0,65,1.0,373,684,,28,2,"26,331",655.0,2020-04-07 18:04:28.488931
,,Iraq,"1,122",91.0,65,1.0,373,684,,28,2,"26,331",655.0,2020-04-07 18:09:35.095669
,,Iraq,"1,122",91.0,65,1.0,373,684,,28,2,"26,331",655.0,2020-04-07 18:14:41.531717
,,Iraq,"1,122",91.0,65,1.0,373,684,,28,2,"26,331",655.0,2020-04-07 18:19:47.680735
,,Iraq,"1,122",91.0,65,1.0,373,684,,28,2,"26,331",655.0,2020-04-07 18:24:54.169614
,,Iraq,"1,122",91.0,65,1.0,373,684,,28,2,"26,331",655.0,2020-04-07 18:30:00.748780
,,Iraq,"1,122",91.0,65,1.0,373,684,,28,2,"26,331",655.0,2020-04-07 18:35:06.975150
,,Iraq,"1,122",91.0,65,1.0,373,684,,28,2,"26,331",655.0,2020-04-07 18:40:17.035421
,,Iraq,"1,122",91.0,65,1.0,373,684,,28,2,"26,331",655.0,2020-04-07 18:45:24.190676
,,Iraq,"1,122",91.0,65,1.0,373,684,,28,2,"26,331",655.0,2020-04-07 18:50:31.659301
,,Iraq,"1,122",91.0,65,1.0,373,684,,28,2,"26,331",655.0,2020-04-07 18:55:38.696622
,,Iraq,"1,122",91.0,65,1.0,373,684,,28,2,"26,331",655.0,2020-04-07 19:00:45.916629
,,Iraq,"1,122",91.0,65,1.0,373,684,,28,2,"26,331",655.0,2020-04-07 19:05:53.017751
,,Iraq,"1,122",91.0,65,1.0,373,684,,28,2,"26,331",655.0,2020-04-07 19:11:00.391922
,,Iraq,"1,122",91.0,65,1.0,373,684,,28,2,"26,331",655.0,2020-04-07 19:16:07.166051
,,Iraq,"1,122",91.0,65,1.0,373,684,,28,2,"26,331",655.0,2020-04-07 19:21:22.382816
,,Iraq,"1,122",91.0,65,1.0,373,684,,28,2,"26,331",655.0,2020-04-07 19:26:40.092708
,,Iraq,"1,122",91.0,65,1.0,373,684,,28,2,"26,331",655.0,2020-04-07 19:32:00.948390
,,Iraq,"1,122",91.0,65,1.0,373,684,,28,2,"26,331",655.0,2020-04-07 19:37:19.392791
,,Iraq,"1,122",91.0,65,1.0,373,684,,28,2,"26,331",655.0,2020-04-07 19:42:38.110095
,,Iraq,"1,122",91.0,65,1.0,373,684,,28,2,"26,331",655.0,2020-04-07 19:47:56.790181
,,Iraq,"1,122",91.0,65,1.0,373,684,,28,2,"26,331",655.0,2020-04-07 19:53:17.530743
,,Iraq,"1,122",91.0,65,1.0,373,684,,28,2,"26,331",655.0,2020-04-07 19:58:33.163677
,,Iraq,"1,122",91.0,65,1.0,373,684,,28,2,"26,331",655.0,2020-04-07 20:03:52.578426
,,Iraq,"1,122",91.0,65,1.0,373,684,,28,2,"26,331",655.0,2020-04-07 20:09:12.490465
,,Iraq,"1,122",91.0,65,1.0,373,684,,28,2,"26,331",655.0,2020-04-07 20:14:44.003311
,,Iraq,"1,122",91.0,65,1.0,373,684,,28,2,"26,331",655.0,2020-04-07 20:20:08.816866
,,Iraq,"1,122",91.0,65,1.0,373,684,,28,2,"26,331",655.0,2020-04-07 20:25:34.709644
,,Iraq,"1,122",91.0,65,1.0,373,684,,28,2,"26,331",655.0,2020-04-07 20:31:01.797750
,,Iraq,"1,122",91.0,65,1.0,373,684,,28,2,"26,331",655.0,2020-04-07 20:36:29.360501
,,Iraq,"1,122",,65,,373,684,,28,2,"26,331",655.0,2020-04-07 20:41:57.580761
,,Iraq,"1,122",,65,,373,684,,28,2,"26,331",655.0,2020-04-07 20:47:20.139353
,,Iraq,"1,122",,65,,373,684,,28,2,"26,331",655.0,2020-04-07 20:52:48.159870
,,Iraq,"1,122",,65,,373,684,,28,2,"26,331",655.0,2020-04-07 20:58:18.526803
,,Iraq,"1,122",,65,,373,684,,28,2,"26,331",655.0,2020-04-07 21:03:44.787031
,,Iraq,"1,122",,65,,373,684,,28,2,"26,331",655.0,2020-04-07 21:09:11.202776
,,Iraq,"1,122",,65,,373,684,,28,2,"26,331",655.0,2020-04-07 21:14:35.248271
,,Iraq,"1,122",,65,,373,684,,28,2,"26,331",655.0,2020-04-07 21:19:59.862710
,,Iraq,"1,122",,65,,373,684,,28,2,"26,331",655.0,2020-04-07 21:25:20.605670
,,Iraq,"1,122",,65,,373,684,,28,2,"26,331",655.0,2020-04-07 21:30:47.678800
,,Iraq,"1,122",,65,,373,684,,28,2,"26,331",655.0,2020-04-07 21:36:14.448999
,,Iraq,"1,122",,65,,373,684,,28,2,"26,331",655.0,2020-04-07 21:41:39.153634
,,Iraq,"1,122",,65,,373,684,,28,2,"26,331",655.0,2020-04-07 21:47:01.682187
,,Iraq,"1,122",,65,,373,684,,28,2,"26,331",655.0,2020-04-07 21:52:26.431574
,,Iraq,"1,122",,65,,373,684,,28,2,"26,331",655.0,2020-04-07 21:57:56.530142
,,Iraq,"1,122",,65,,373,684,,28,2,"26,331",655.0,2020-04-07 22:03:26.661128
,,Iraq,"1,122",,65,,373,684,,28,2,"26,331",655.0,2020-04-07 22:08:49.899677
,,Iraq,"1,122",,65,,373,684,,28,2,"26,331",655.0,2020-04-07 22:13:56.031433
,,Iraq,"1,122",,65,,373,684,,28,2,"26,331",655.0,2020-04-07 22:19:02.408283
,,Iraq,"1,122",,65,,373,684,,28,2,"26,331",655.0,2020-04-07 22:24:08.744227
,,Iraq,"1,122",,65,,373,684,,28,2,"26,331",655.0,2020-04-07 22:29:15.154897
,,Iraq,"1,122",,65,,373,684,,28,2,"26,331",655.0,2020-04-07 22:34:21.491294
,,Iraq,"1,122",,65,,373,684,,28,2,"26,331",655.0,2020-04-07 22:39:27.822131
,,Iraq,"1,122",,65,,373,684,,28,2,"26,331",655.0,2020-04-07 22:44:34.241626
,,Iraq,"1,122",,65,,373,684,,28,2,"26,331",655.0,2020-04-07 22:49:40.603777
,,Iraq,"1,122",,65,,373,684,,28,2,"26,331",655.0,2020-04-07 22:54:46.912214
,,Iraq,"1,122",,65,,373,684,,28,2,"26,331",655.0,2020-04-07 22:59:53.418794
,,Iraq,"1,122",,65,,373,684,,28,2,"26,331",655.0,2020-04-07 23:04:59.798606
,,Iraq,"1,122",,65,,373,684,,28,2,"26,331",655.0,2020-04-07 23:10:06.182730
,,Iraq,"1,122",,65,,373,684,,28,2,"26,331",655.0,2020-04-07 23:15:12.297132
,,Iraq,"1,122",,65,,373,684,,28,2,"26,331",655.0,2020-04-07 23:20:19.036327
,,Iraq,"1,122",,65,,373,684,,28,2,"26,331",655.0,2020-04-07 23:25:25.401562
,,Iraq,"1,122",,65,,373,684,,28,2,"26,331",655.0,2020-04-07 23:30:31.815115
,,Iraq,"1,122",,65,,373,684,,28,2,"26,331",655.0,2020-04-07 23:35:38.379237
,,Iraq,"1,122",,65,,373,684,,28,2,"26,331",655.0,2020-04-07 23:40:44.750465
,,Iraq,"1,122",,65,,373,684,,28,2,"26,331",655.0,2020-04-07 23:45:51.115540
,,Iraq,"1,122",,65,,373,684,,28,2,"26,331",655.0,2020-04-07 23:50:57.272280
,,Iraq,"1,122",,65,,373,684,,28,2,"26,331",655.0,2020-04-07 23:56:03.694175
,,Iraq,"1,122",,65,,373,684,,28,2,"26,331",655.0,2020-04-08 00:01:10.167413
,,Iraq,"1,122",,65,,373,684,,28,2,"26,331",655.0,2020-04-08 00:06:16.480371
,,Iraq,"1,122",,65,,373,684,,28,2,"26,331",655.0,2020-04-08 00:11:22.904835
,,Iraq,"1,122",,65,,373,684,,28,2,"26,331",655.0,2020-04-08 00:16:29.234006
,,Iraq,"1,122",,65,,373,684,,28,2,"26,331",655.0,2020-04-08 00:21:35.708563
,,Iraq,"1,122",,65,,373,684,,28,2,"26,331",655.0,2020-04-08 00:26:42.158802
,,Iraq,"1,122",,65,,373,684,,28,2,"26,331",655.0,2020-04-08 00:31:48.527544
,,Iraq,"1,122",,65,,373,684,,28,2,"26,331",655.0,2020-04-08 00:36:54.900580
,,Iraq,"1,122",,65,,373,684,,28,2,"26,331",655.0,2020-04-08 00:42:01.290080
,,Iraq,"1,122",,65,,373,684,,28,2,"26,331",655.0,2020-04-08 00:47:07.657149
,,Iraq,"1,122",,65,,373,684,,28,2,"26,331",655.0,2020-04-08 00:52:14.241731
,,Iraq,"1,122",,65,,373,684,,28,2,"26,331",655.0,2020-04-08 00:57:20.600977
,,Iraq,"1,122",,65,,373,684,,28,2,"26,331",655.0,2020-04-08 01:02:27.027338
,,Iraq,"1,122",,65,,373,684,,28,2,"26,331",655.0,2020-04-08 01:07:33.370837
,,Iraq,"1,122",,65,,373,684,,28,2,"26,331",655.0,2020-04-08 01:12:40.097410
,,Iraq,"1,122",,65,,373,684,,28,2,"26,331",655.0,2020-04-08 01:17:46.559502
,,Iraq,"1,122",,65,,373,684,,28,2,"26,331",655.0,2020-04-08 01:22:52.927662
,,Iraq,"1,122",,65,,373,684,,28,2,"26,331",655.0,2020-04-08 01:27:59.316163
,,Iraq,"1,122",,65,,373,684,,28,2,"26,331",655.0,2020-04-08 01:33:05.795320
,,Iraq,"1,122",,65,,373,684,,28,2,"26,331",655.0,2020-04-08 01:38:12.259435
,,Iraq,"1,122",,65,,373,684,,28,2,"26,331",655.0,2020-04-08 01:43:18.783452
,,Iraq,"1,122",,65,,373,684,,28,2,"26,331",655.0,2020-04-08 01:48:25.288411
,,Iraq,"1,122",,65,,373,684,,28,2,"26,331",655.0,2020-04-08 01:53:31.762519
,,Iraq,"1,122",,65,,373,684,,28,2,"26,331",655.0,2020-04-08 01:58:38.219309
,,Iraq,"1,122",,65,,373,684,,28,2,"26,331",655.0,2020-04-08 02:03:44.644353
,,Iraq,"1,122",,65,,373,684,,28,2,"26,331",655.0,2020-04-08 02:08:51.367339
,,Iraq,"1,122",,65,,373,684,,28,2,"26,331",655.0,2020-04-08 02:13:57.773077
,,Iraq,"1,122",,65,,373,684,,28,2,"26,331",655.0,2020-04-08 02:19:03.975952
,,Iraq,"1,122",,65,,373,684,,28,2,"26,331",655.0,2020-04-08 02:24:10.550957
,,Iraq,"1,122",,65,,373,684,,28,2,"26,331",655.0,2020-04-08 02:29:17.074582
,,Iraq,"1,122",,65,,373,684,,28,2,"26,331",655.0,2020-04-08 02:34:23.623501
,,Iraq,"1,122",,65,,373,684,,28,2,"26,331",655.0,2020-04-08 02:39:30.648381
,,Iraq,"1,122",,65,,373,684,,28,2,"26,331",655.0,2020-04-08 02:44:37.215515
,,Iraq,"1,122",,65,,373,684,,28,2,"26,331",655.0,2020-04-08 02:49:43.670154
,,Iraq,"1,122",,65,,373,684,,28,2,"26,331",655.0,2020-04-08 02:54:50.145439
,,Iraq,"1,122",,65,,373,684,,28,2,"26,331",655.0,2020-04-08 02:59:56.665602
,,Iraq,"1,122",,65,,373,684,,28,2,"26,331",655.0,2020-04-08 03:05:02.964951
,,Iraq,"1,122",,65,,373,684,,28,2,"26,331",655.0,2020-04-08 03:10:09.386475
,,Iraq,"1,122",,65,,373,684,,28,2,"26,331",655.0,2020-04-08 03:15:15.967891
,,Iraq,"1,122",,65,,373,684,,28,2,"26,331",655.0,2020-04-08 03:20:22.421445
,,Iraq,"1,122",,65,,373,684,,28,2,"26,331",655.0,2020-04-08 03:25:28.923520
,,Iraq,"1,122",,65,,373,684,,28,2,"26,331",655.0,2020-04-08 03:30:35.580975
,,Iraq,"1,122",,65,,373,684,,28,2,"26,331",655.0,2020-04-08 03:35:42.049148
,,Iraq,"1,122",,65,,373,684,,28,2,"26,331",655.0,2020-04-08 03:40:48.566606
,,Iraq,"1,122",,65,,373,684,,28,2,"26,331",655.0,2020-04-08 03:45:54.879575
,,Iraq,"1,122",,65,,373,684,,28,2,"26,331",655.0,2020-04-08 03:51:01.434689
,,Iraq,"1,122",,65,,373,684,,28,2,"26,331",655.0,2020-04-08 03:56:07.884456
,,Iraq,"1,122",,65,,373,684,,28,2,"26,331",655.0,2020-04-08 04:01:14.307830
,,Iraq,"1,122",,65,,373,684,,28,2,"26,331",655.0,2020-04-08 04:06:20.869233
,,Iraq,"1,122",,65,,373,684,,28,2,"26,331",655.0,2020-04-08 04:11:27.429579
,,Iraq,"1,122",,65,,373,684,,28,2,"26,331",655.0,2020-04-08 04:16:33.912518
,,Iraq,"1,122",,65,,373,684,,28,2,"26,331",655.0,2020-04-08 04:21:40.493889
,,Iraq,"1,122",,65,,373,684,,28,2,"26,331",655.0,2020-04-08 04:26:46.932663
,,Iraq,"1,122",,65,,373,684,,28,2,"26,331",655.0,2020-04-08 04:31:53.344184
,,Iraq,"1,122",,65,,373,684,,28,2,"26,331",655.0,2020-04-08 04:36:59.944181
,,Iraq,"1,122",,65,,373,684,,28,2,"26,331",655.0,2020-04-08 04:42:06.520771
,,Iraq,"1,122",,65,,373,684,,28,2,"26,331",655.0,2020-04-08 04:47:12.386463
,,Iraq,"1,122",,65,,373,684,,28,2,"26,331",655.0,2020-04-08 04:52:19.046801
,,Iraq,"1,122",,65,,373,684,,28,2,"26,331",655.0,2020-04-08 04:57:25.471170
,,Iraq,"1,122",,65,,373,684,,28,2,"26,331",655.0,2020-04-08 05:02:32.004582
,,Iraq,"1,122",,65,,373,684,,28,2,"26,331",655.0,2020-04-08 05:07:38.676259
,,Iraq,"1,122",,65,,373,684,,28,2,"26,331",655.0,2020-04-08 05:12:45.385412
,,Iraq,"1,122",,65,,373,684,,28,2,"26,331",655.0,2020-04-08 05:17:51.633471
,,Iraq,"1,122",,65,,373,684,,28,2,"26,331",655.0,2020-04-08 05:22:58.160913
,,Iraq,"1,122",,65,,373,684,,28,2,"26,331",655.0,2020-04-08 05:28:04.856621
,,Iraq,"1,122",,65,,373,684,,28,2,"26,331",655.0,2020-04-08 05:33:11.318958
,,Iraq,"1,122",,65,,373,684,,28,2,"26,331",655.0,2020-04-08 05:38:18.123899
,,Iraq,"1,122",,65,,373,684,,28,2,"26,331",655.0,2020-04-08 05:43:24.663527
,,Iraq,"1,122",,65,,373,684,,28,2,"26,331",655.0,2020-04-08 05:48:31.228955
,,Iraq,"1,122",,65,,373,684,,28,2,"26,331",655.0,2020-04-08 05:53:37.592438
,,Iraq,"1,122",,65,,373,684,,28,2,"26,331",655.0,2020-04-08 05:58:44.174250
,,Iraq,"1,122",,65,,373,684,,28,2,"26,331",655.0,2020-04-08 06:03:50.713265
,,Iraq,"1,122",,65,,373,684,,28,2,"26,331",655.0,2020-04-08 06:08:57.217730
,,Iraq,"1,122",,65,,373,684,,28,2,"26,331",655.0,2020-04-08 06:14:03.844023
,,Iraq,"1,122",,65,,373,684,,28,2,"26,331",655.0,2020-04-08 06:19:10.364999
,,Iraq,"1,122",,65,,373,684,,28,2,"26,331",655.0,2020-04-08 06:24:17.049314
,,Iraq,"1,122",,65,,373,684,,28,2,"26,331",655.0,2020-04-08 06:29:23.594467
,,Iraq,"1,122",,65,,373,684,,28,2,"26,331",655.0,2020-04-08 06:34:30.152008
,,Iraq,"1,122",,65,,373,684,,28,2,"26,331",655.0,2020-04-08 06:39:36.858249
,,Iraq,"1,122",,65,,373,684,,28,2,"26,331",655.0,2020-04-08 06:44:43.460556
,,Iraq,"1,122",,65,,373,684,,28,2,"26,331",655.0,2020-04-08 06:49:50.063591
,,Iraq,"1,122",,65,,373,684,,28,2,"26,331",655.0,2020-04-08 06:54:56.633968
,,Iraq,"1,122",,65,,373,684,,28,2,"26,331",655.0,2020-04-08 07:00:02.890333
,,Iraq,"1,122",,65,,373,684,,28,2,"26,331",655.0,2020-04-08 07:05:09.575166
,,Iraq,"1,122",,65,,373,684,,28,2,"26,331",655.0,2020-04-08 07:10:16.263063
,,Iraq,"1,122",,65,,373,684,,28,2,"26,331",655.0,2020-04-08 07:15:22.801750
,,Iraq,"1,122",,65,,373,684,,28,2,"26,331",655.0,2020-04-08 07:20:29.369054
,,Iraq,"1,122",,65,,373,684,,28,2,"26,331",655.0,2020-04-08 07:25:35.960313
,,Iraq,"1,122",,65,,373,684,,28,2,"26,331",655.0,2020-04-08 07:30:42.477221
,,Iraq,"1,122",,65,,373,684,,28,2,"26,331",655.0,2020-04-08 07:35:49.067656
,,Iraq,"1,122",,65,,373,684,,28,2,"26,331",655.0,2020-04-08 07:40:55.625121
,,Iraq,"1,122",,65,,373,684,,28,2,"26,331",655.0,2020-04-08 07:46:04.246379
,,Iraq,"1,122",,65,,373,684,,28,2,"26,331",655.0,2020-04-08 07:51:10.647602
,,Iraq,"1,122",,65,,373,684,,28,2,"26,331",655.0,2020-04-08 07:56:20.166270
,,Iraq,"1,122",,65,,373,684,,28,2,"26,331",655.0,2020-04-08 08:01:26.731186
,,Iraq,"1,122",,65,,373,684,,28,2,"26,331",655.0,2020-04-08 08:06:32.993563
,,Iraq,"1,122",,65,,373,684,,28,2,"26,331",655.0,2020-04-08 08:11:39.490640
,,Iraq,"1,122",,65,,373,684,,28,2,"26,331",655.0,2020-04-08 08:16:46.089839
,,Iraq,"1,122",,65,,373,684,,28,2,"26,331",655.0,2020-04-08 08:21:53.796524
,,Iraq,"1,122",,65,,373,684,,28,2,"26,331",655.0,2020-04-08 08:27:00.398743
,,Iraq,"1,122",,65,,373,684,,28,2,"26,331",655.0,2020-04-08 08:32:07.366680
,,Iraq,"1,122",,65,,373,684,,28,2,"26,331",655.0,2020-04-08 08:37:13.977050
,,Iraq,"1,122",,65,,373,684,,28,2,"26,331",655.0,2020-04-08 08:42:20.540885
,,Iraq,"1,122",,65,,373,684,,28,2,"26,331",655.0,2020-04-08 08:47:26.954497
,,Iraq,"1,122",,65,,373,684,,28,2,"26,331",655.0,2020-04-08 08:52:33.504022
,,Iraq,"1,122",,65,,373,684,,28,2,"26,331",655.0,2020-04-08 08:57:40.104992
,,Iraq,"1,122",,65,,373,684,,28,2,"26,331",655.0,2020-04-08 09:02:46.764703
,,Iraq,"1,122",,65,,373,684,,28,2,"26,331",655.0,2020-04-08 09:07:53.405287
,,Iraq,"1,122",,65,,373,684,,28,2,"26,331",655.0,2020-04-08 09:12:59.782826
,,Iraq,"1,122",,65,,373,684,,28,2,"26,331",655.0,2020-04-08 09:18:06.495915
,,Iraq,"1,122",,65,,373,684,,28,2,"26,331",655.0,2020-04-08 09:23:13.263981
,,Iraq,"1,122",,65,,373,684,,28,2,"26,331",655.0,2020-04-08 09:28:19.982319
,,Iraq,"1,122",,65,,373,684,,28,2,"26,331",655.0,2020-04-08 09:33:26.661940
,,Iraq,"1,202",80.0,69,4.0,452,681,,30,2,"28,414",706.0,2020-04-08 09:38:33.299703
,,Iraq,"1,202",80.0,69,4.0,452,681,,30,2,"28,414",706.0,2020-04-08 09:43:39.897642
,,Iraq,"1,202",80.0,69,4.0,452,681,,30,2,"28,414",706.0,2020-04-08 09:48:47.854379
,,Iraq,"1,202",80.0,69,4.0,452,681,,30,2,"28,414",706.0,2020-04-08 09:53:54.632633
,,Iraq,"1,202",80.0,69,4.0,452,681,,30,2,"28,414",706.0,2020-04-08 09:59:00.912587
,,Iraq,"1,202",80.0,69,4.0,452,681,,30,2,"28,414",706.0,2020-04-08 10:04:07.599652
,,Iraq,"1,202",80.0,69,4.0,452,681,,30,2,"28,414",706.0,2020-04-08 10:09:14.399615
,,Iraq,"1,202",80.0,69,4.0,452,681,,30,2,"28,414",706.0,2020-04-08 10:14:21.094369
,,Iraq,"1,202",80.0,69,4.0,452,681,,30,2,"28,414",706.0,2020-04-08 10:19:27.957420
,,Iraq,"1,202",80.0,69,4.0,452,681,,30,2,"28,414",706.0,2020-04-08 10:24:34.665545
,,Iraq,"1,202",80.0,69,4.0,452,681,,30,2,"28,414",706.0,2020-04-08 10:29:41.259219
,,Iraq,"1,202",80.0,69,4.0,452,681,,30,2,"28,414",706.0,2020-04-08 10:34:47.811725
,,Iraq,"1,202",80.0,69,4.0,452,681,,30,2,"28,414",706.0,2020-04-08 10:39:54.835691
,,Iraq,"1,202",80.0,69,4.0,452,681,,30,2,"28,414",706.0,2020-04-08 10:45:01.414117
,,Iraq,"1,202",80.0,69,4.0,452,681,,30,2,"28,414",706.0,2020-04-08 10:50:08.253916
,,Iraq,"1,202",80.0,69,4.0,452,681,,30,2,"28,414",706.0,2020-04-08 10:55:15.718058
,,Iraq,"1,202",80.0,69,4.0,452,681,,30,2,"28,414",706.0,2020-04-08 11:00:22.921887
,,Iraq,"1,202",80.0,69,4.0,452,681,,30,2,"28,414",706.0,2020-04-08 11:05:29.794453
,,Iraq,"1,202",80.0,69,4.0,452,681,,30,2,"28,414",706.0,2020-04-08 11:10:36.720279
,,Iraq,"1,202",80.0,69,4.0,452,681,,30,2,"28,414",706.0,2020-04-08 11:15:43.841812
,,Iraq,"1,202",80.0,69,4.0,452,681,,30,2,"28,414",706.0,2020-04-08 11:20:50.422151
,,Iraq,"1,202",80.0,69,4.0,452,681,,30,2,"28,414",706.0,2020-04-08 11:25:57.517616
,,Iraq,"1,202",80.0,69,4.0,452,681,,30,2,"28,414",706.0,2020-04-08 11:31:04.375296
,,Iraq,"1,202",80.0,69,4.0,452,681,,30,2,"28,414",706.0,2020-04-08 11:36:11.154392
,,Iraq,"1,202",80.0,69,4.0,452,681,,30,2,"28,414",706.0,2020-04-08 11:41:18.078314
,,Iraq,"1,202",80.0,69,4.0,452,681,,30,2,"28,414",706.0,2020-04-08 11:46:25.362605
,,Iraq,"1,202",80.0,69,4.0,452,681,,30,2,"28,414",706.0,2020-04-08 11:51:32.309404
,,Iraq,"1,202",80.0,69,4.0,452,681,,30,2,"28,414",706.0,2020-04-08 11:56:38.954328
,,Iraq,"1,202",80.0,69,4.0,452,681,,30,2,"28,414",706.0,2020-04-08 12:01:45.940417
,,Iraq,"1,202",80.0,69,4.0,452,681,,30,2,"28,414",706.0,2020-04-08 12:06:52.858863
,,Iraq,"1,202",80.0,69,4.0,452,681,,30,2,"28,414",706.0,2020-04-08 12:11:59.711903
,,Iraq,"1,202",80.0,69,4.0,452,681,,30,2,"28,414",706.0,2020-04-08 12:17:06.526378
,,Iraq,"1,202",80.0,69,4.0,452,681,,30,2,"28,414",706.0,2020-04-08 12:22:13.179376
,,Iraq,"1,202",80.0,69,4.0,452,681,,30,2,"28,414",706.0,2020-04-08 12:27:19.871209
,,Iraq,"1,202",80.0,69,4.0,452,681,,30,2,"28,414",706.0,2020-04-08 12:32:26.349211
,,Iraq,"1,202",80.0,69,4.0,452,681,,30,2,"28,414",706.0,2020-04-08 12:37:32.951597
,,Iraq,"1,202",80.0,69,4.0,452,681,,30,2,"28,414",706.0,2020-04-08 12:42:39.852781
,,Iraq,"1,202",80.0,69,4.0,452,681,,30,2,"28,414",706.0,2020-04-08 12:47:46.830147
,,Iraq,"1,202",80.0,69,4.0,452,681,,30,2,"28,414",706.0,2020-04-08 12:52:53.752366
,,Iraq,"1,202",80.0,69,4.0,452,681,,30,2,"28,414",706.0,2020-04-08 12:58:00.718787
,,Iraq,"1,202",80.0,69,4.0,452,681,,30,2,"28,414",706.0,2020-04-08 13:03:07.900113
,,Iraq,"1,202",80.0,69,4.0,452,681,,30,2,"28,414",706.0,2020-04-08 13:08:15.233156
,,Iraq,"1,202",80.0,69,4.0,452,681,,30,2,"28,414",706.0,2020-04-08 13:13:22.175878
,,Iraq,"1,202",80.0,69,4.0,452,681,,30,2,"28,414",706.0,2020-04-08 13:18:29.061477
,,Iraq,"1,202",80.0,69,4.0,452,681,,30,2,"28,414",706.0,2020-04-08 13:23:36.086417
,,Iraq,"1,202",80.0,69,4.0,452,681,,30,2,"28,414",706.0,2020-04-08 13:28:43.058233
,,Iraq,"1,202",80.0,69,4.0,452,681,,30,2,"28,414",706.0,2020-04-08 13:33:50.061465
,,Iraq,"1,202",80.0,69,4.0,452,681,,30,2,"28,414",706.0,2020-04-08 13:38:57.044877
,,Iraq,"1,202",80.0,69,4.0,452,681,,30,2,"28,414",706.0,2020-04-08 13:44:04.047714
,,Iraq,"1,202",80.0,69,4.0,452,681,,30,2,"28,414",706.0,2020-04-08 13:49:11.030511
,,Iraq,"1,202",80.0,69,4.0,452,681,,30,2,"28,414",706.0,2020-04-08 13:54:17.858835
,,Iraq,"1,202",80.0,69,4.0,452,681,,30,2,"28,414",706.0,2020-04-08 13:59:24.583365
,,Iraq,"1,202",80.0,69,4.0,452,681,,30,2,"28,414",706.0,2020-04-08 14:04:31.592926
,,Iraq,"1,202",80.0,69,4.0,452,681,,30,2,"28,414",706.0,2020-04-08 14:09:38.389098
,,Iraq,"1,202",80.0,69,4.0,452,681,,30,2,"28,414",706.0,2020-04-08 14:14:45.463168
,,Iraq,"1,202",80.0,69,4.0,452,681,,30,2,"28,414",706.0,2020-04-08 14:19:52.267025
,,Iraq,"1,202",80.0,69,4.0,452,681,,30,2,"28,414",706.0,2020-04-08 14:24:59.183445
,,Iraq,"1,202",80.0,69,4.0,452,681,,30,2,"28,414",706.0,2020-04-08 14:30:06.232676
,,Iraq,"1,202",80.0,69,4.0,452,681,,30,2,"28,414",706.0,2020-04-08 14:35:13.199191
,,Iraq,"1,202",80.0,69,4.0,452,681,,30,2,"28,414",706.0,2020-04-08 14:40:20.608012
,,Iraq,"1,202",80.0,69,4.0,452,681,,30,2,"28,414",706.0,2020-04-08 14:45:27.702115
,,Iraq,"1,202",80.0,69,4.0,452,681,,30,2,"28,414",706.0,2020-04-08 14:50:34.526519
,,Iraq,"1,202",80.0,69,4.0,452,681,,30,2,"28,414",706.0,2020-04-08 14:55:42.092587
,,Iraq,"1,202",80.0,69,4.0,452,681,,30,2,"28,414",706.0,2020-04-08 15:00:49.652167
,,Iraq,"1,202",80.0,69,4.0,452,681,,30,2,"28,414",706.0,2020-04-08 15:05:56.727112
,,Iraq,"1,202",80.0,69,4.0,452,681,,30,2,"28,414",706.0,2020-04-08 15:11:04.269347
,,Iraq,"1,202",80.0,69,4.0,452,681,,30,2,"28,414",706.0,2020-04-08 15:16:11.534147
,,Iraq,"1,202",80.0,69,4.0,452,681,,30,2,"28,414",706.0,2020-04-08 15:21:18.557496
,,Iraq,"1,202",80.0,69,4.0,452,681,,30,2,"28,414",706.0,2020-04-08 15:26:24.964346
,,Iraq,"1,202",80.0,69,4.0,452,681,,30,2,"28,414",706.0,2020-04-08 15:31:31.911290
,,Iraq,"1,202",80.0,69,4.0,452,681,,30,2,"28,414",706.0,2020-04-08 15:36:39.053836
,,Iraq,"1,202",80.0,69,4.0,452,681,,30,2,"28,414",706.0,2020-04-08 15:41:46.056484
,,Iraq,"1,202",80.0,69,4.0,452,681,,30,2,"28,414",706.0,2020-04-08 15:46:52.983151
,,Iraq,"1,202",80.0,69,4.0,452,681,,30,2,"28,414",706.0,2020-04-08 15:51:59.988826
,,Iraq,"1,202",80.0,69,4.0,452,681,,30,2,"28,414",706.0,2020-04-08 15:57:06.992190
,,Iraq,"1,202",80.0,69,4.0,452,681,,30,2,"28,414",706.0,2020-04-08 16:02:14.049874
,,Iraq,"1,202",80.0,69,4.0,452,681,,30,2,"28,414",706.0,2020-04-08 16:07:20.885581
,,Iraq,"1,202",80.0,69,4.0,452,681,,30,2,"28,414",706.0,2020-04-08 16:12:27.697799
,,Iraq,"1,202",80.0,69,4.0,452,681,,30,2,"28,414",706.0,2020-04-08 16:17:34.581558
,,Iraq,"1,202",80.0,69,4.0,452,681,,30,2,"28,414",706.0,2020-04-08 16:22:41.691434
,,Iraq,"1,202",80.0,69,4.0,452,681,,30,2,"28,414",706.0,2020-04-08 16:27:48.372890
,,Iraq,"1,202",80.0,69,4.0,452,681,,30,2,"28,414",706.0,2020-04-08 16:32:55.098198
,,Iraq,"1,202",80.0,69,4.0,452,681,,30,2,"28,414",706.0,2020-04-08 16:38:02.167267
,,Iraq,"1,202",80.0,69,4.0,452,681,,30,2,"28,414",706.0,2020-04-08 16:43:09.164864
,,Iraq,"1,202",80.0,69,4.0,452,681,,30,2,"28,414",706.0,2020-04-08 16:48:16.229123
,,Iraq,"1,202",80.0,69,4.0,452,681,,30,2,"28,414",706.0,2020-04-08 16:53:23.347341
,,Iraq,"1,202",80.0,69,4.0,452,681,,30,2,"28,414",706.0,2020-04-08 16:58:30.361224
,,Iraq,"1,202",80.0,69,4.0,452,681,,30,2,"28,414",706.0,2020-04-08 17:03:37.437875
,,Iraq,"1,202",80.0,69,4.0,452,681,,30,2,"28,414",706.0,2020-04-08 17:08:44.487896
,,Iraq,"1,202",80.0,69,4.0,452,681,,30,2,"28,414",706.0,2020-04-08 17:13:51.587319
,,Iraq,"1,202",80.0,69,4.0,452,681,,30,2,"28,414",706.0,2020-04-08 17:18:58.603702
,,Iraq,"1,202",80.0,69,4.0,452,681,,30,2,"28,414",706.0,2020-04-08 17:24:05.687441
,,Iraq,"1,202",80.0,69,4.0,452,681,,30,2,"28,414",706.0,2020-04-08 17:29:12.365332
,,Iraq,"1,202",80.0,69,4.0,452,681,,30,2,"28,414",706.0,2020-04-08 17:34:19.235360
,,Iraq,"1,202",80.0,69,4.0,452,681,,30,2,"28,414",706.0,2020-04-08 17:39:26.387436
,,Iraq,"1,202",80.0,69,4.0,452,681,,30,2,"28,414",706.0,2020-04-08 17:44:33.422422
,,Iraq,"1,202",80.0,69,4.0,452,681,,30,2,"28,414",706.0,2020-04-08 17:49:40.590068
,,Iraq,"1,202",80.0,69,4.0,452,681,,30,2,"28,414",706.0,2020-04-08 17:54:47.599124
,,Iraq,"1,202",80.0,69,4.0,452,681,,30,2,"28,414",706.0,2020-04-08 17:59:54.576535
,,Iraq,"1,202",80.0,69,4.0,452,681,,30,2,"28,414",706.0,2020-04-08 18:05:01.646083
,,Iraq,"1,202",80.0,69,4.0,452,681,,30,2,"28,414",706.0,2020-04-08 18:10:08.667119
,,Iraq,"1,202",80.0,69,4.0,452,681,,30,2,"28,414",706.0,2020-04-08 18:15:15.810782
,,Iraq,"1,202",80.0,69,4.0,452,681,,30,2,"28,414",706.0,2020-04-08 18:20:22.896918
,,Iraq,"1,202",80.0,69,4.0,452,681,,30,2,"28,414",706.0,2020-04-08 18:25:29.974527
,,Iraq,"1,202",80.0,69,4.0,452,681,,30,2,"28,414",706.0,2020-04-08 18:30:37.120767
,,Iraq,"1,202",80.0,69,4.0,452,681,,30,2,"28,414",706.0,2020-04-08 18:35:44.170653
,,Iraq,"1,202",80.0,69,4.0,452,681,,30,2,"28,414",706.0,2020-04-08 18:40:50.926442
,,Iraq,"1,202",80.0,69,4.0,452,681,,30,2,"28,414",706.0,2020-04-08 18:45:58.209005
,,Iraq,"1,202",80.0,69,4.0,452,681,,30,2,"28,414",706.0,2020-04-08 18:51:05.306212
,,Iraq,"1,202",80.0,69,4.0,452,681,,30,2,"28,414",706.0,2020-04-08 18:56:12.037315
,,Iraq,"1,202",80.0,69,4.0,452,681,,30,2,"28,414",706.0,2020-04-08 19:01:19.110572
,,Iraq,"1,202",80.0,69,4.0,452,681,,30,2,"28,414",706.0,2020-04-08 19:06:26.179081
,,Iraq,"1,202",80.0,69,4.0,452,681,,30,2,"28,414",706.0,2020-04-08 19:11:33.119601
,,Iraq,"1,202",80.0,69,4.0,452,681,,30,2,"28,414",706.0,2020-04-08 19:16:40.100736
,,Iraq,"1,202",80.0,69,4.0,452,681,,30,2,"28,414",706.0,2020-04-08 19:21:46.999364
,,Iraq,"1,202",80.0,69,4.0,452,681,,30,2,"28,414",706.0,2020-04-08 19:26:53.968416
,,Iraq,"1,202",80.0,69,4.0,452,681,,30,2,"28,414",706.0,2020-04-08 19:32:00.947036
,,Iraq,"1,202",80.0,69,4.0,452,681,,30,2,"28,414",706.0,2020-04-08 19:37:08.059468
,,Iraq,"1,202",80.0,69,4.0,452,681,,30,2,"28,414",706.0,2020-04-08 19:42:15.083184
,,Iraq,"1,202",80.0,69,4.0,452,681,,30,2,"28,414",706.0,2020-04-08 19:47:22.045216
,,Iraq,"1,202",80.0,69,4.0,452,681,,30,2,"28,414",706.0,2020-04-08 19:52:29.122288
,,Iraq,"1,202",80.0,69,4.0,452,681,,30,2,"28,414",706.0,2020-04-08 19:57:36.361650
,,Iraq,"1,202",80.0,69,4.0,452,681,,30,2,"28,414",706.0,2020-04-08 20:02:43.456502
,,Iraq,"1,202",80.0,69,4.0,452,681,,30,2,"28,414",706.0,2020-04-08 20:07:50.424133
,,Iraq,"1,202",80.0,69,4.0,452,681,,30,2,"28,414",706.0,2020-04-08 20:12:57.359576
,,Iraq,"1,202",80.0,69,4.0,452,681,,30,2,"28,414",706.0,2020-04-08 20:18:04.799770
,,Iraq,"1,202",80.0,69,4.0,452,681,,30,2,"28,414",706.0,2020-04-08 20:23:12.076634
,,Iraq,"1,202",80.0,69,4.0,452,681,,30,2,"28,414",706.0,2020-04-08 20:28:19.359476
,,Iraq,"1,202",80.0,69,4.0,452,681,,30,2,"28,414",706.0,2020-04-08 20:33:26.595986
,,Iraq,"1,202",80.0,69,4.0,452,681,,30,2,"28,414",706.0,2020-04-08 20:38:33.525212
,,Iraq,"1,202",80.0,69,4.0,452,681,,30,2,"28,414",706.0,2020-04-08 20:43:40.683752
,,Iraq,"1,202",80.0,69,4.0,452,681,,30,2,"28,414",706.0,2020-04-08 20:48:47.633516
,,Iraq,"1,202",80.0,69,4.0,452,681,,30,2,"28,414",706.0,2020-04-08 20:53:54.817771
,,Iraq,"1,202",80.0,69,4.0,452,681,,30,2,"28,414",706.0,2020-04-08 20:59:01.741392
,,Iraq,"1,202",,69,,452,681,,30,2,"28,414",706.0,2020-04-08 21:04:09.017065
,,Iraq,"1,202",,69,,452,681,,30,2,"28,414",706.0,2020-04-08 21:09:16.063483
,,Iraq,"1,202",,69,,452,681,,30,2,"28,414",706.0,2020-04-08 21:14:23.046366
,,Iraq,"1,202",,69,,452,681,,30,2,"28,414",706.0,2020-04-08 21:19:29.907515
,,Iraq,"1,202",,69,,452,681,,30,2,"28,414",706.0,2020-04-08 21:24:37.371827
,,Iraq,"1,202",,69,,452,681,,30,2,"28,414",706.0,2020-04-08 21:29:44.676262
,,Iraq,"1,202",,69,,452,681,,30,2,"28,414",706.0,2020-04-08 21:34:51.775531
,,Iraq,"1,202",,69,,452,681,,30,2,"28,414",706.0,2020-04-08 21:39:59.026715
,,Iraq,"1,202",,69,,452,681,,30,2,"28,414",706.0,2020-04-08 21:45:06.035565
,,Iraq,"1,202",,69,,452,681,,30,2,"28,414",706.0,2020-04-08 21:50:13.270900
,,Iraq,"1,202",,69,,452,681,,30,2,"28,414",706.0,2020-04-08 21:55:20.451134
,,Iraq,"1,202",,69,,452,681,,30,2,"28,414",706.0,2020-04-08 22:00:27.776364
,,Iraq,"1,202",,69,,452,681,,30,2,"28,414",706.0,2020-04-08 22:05:34.662208
,,Iraq,"1,202",,69,,452,681,,30,2,"28,414",706.0,2020-04-08 22:10:41.938445
,,Iraq,"1,202",,69,,452,681,,30,2,"28,414",706.0,2020-04-08 22:15:49.110540
,,Iraq,"1,202",,69,,452,681,,30,2,"28,414",706.0,2020-04-08 22:20:56.119767
,,Iraq,"1,202",,69,,452,681,,30,2,"28,414",706.0,2020-04-08 22:26:03.412004
,,Iraq,"1,202",,69,,452,681,,30,2,"28,414",706.0,2020-04-08 22:31:10.578294
,,Iraq,"1,202",,69,,452,681,,30,2,"28,414",706.0,2020-04-08 22:36:17.533106
,,Iraq,"1,202",,69,,452,681,,30,2,"28,414",706.0,2020-04-08 22:41:24.970945
,,Iraq,"1,202",,69,,452,681,,30,2,"28,414",706.0,2020-04-08 22:46:32.080270
,,Iraq,"1,202",,69,,452,681,,30,2,"28,414",706.0,2020-04-08 22:51:39.361589
,,Iraq,"1,202",,69,,452,681,,30,2,"28,414",706.0,2020-04-08 22:56:46.554887
,,Iraq,"1,202",,69,,452,681,,30,2,"28,414",706.0,2020-04-08 23:01:53.350562
,,Iraq,"1,202",,69,,452,681,,30,2,"28,414",706.0,2020-04-08 23:07:00.713009
,,Iraq,"1,202",,69,,452,681,,30,2,"28,414",706.0,2020-04-08 23:12:08.071647
,,Iraq,"1,202",,69,,452,681,,30,2,"28,414",706.0,2020-04-08 23:17:15.296265
,,Iraq,"1,202",,69,,452,681,,30,2,"28,414",706.0,2020-04-08 23:22:22.492673
,,Iraq,"1,202",,69,,452,681,,30,2,"28,414",706.0,2020-04-08 23:27:29.953791
,,Iraq,"1,202",,69,,452,681,,30,2,"28,414",706.0,2020-04-08 23:32:37.062187
,,Iraq,"1,202",,69,,452,681,,30,2,"28,414",706.0,2020-04-08 23:37:44.287751
,,Iraq,"1,202",,69,,452,681,,30,2,"28,414",706.0,2020-04-08 23:42:51.515307
,,Iraq,"1,202",,69,,452,681,,30,2,"28,414",706.0,2020-04-08 23:47:58.838895
,,Iraq,"1,202",,69,,452,681,,30,2,"28,414",706.0,2020-04-08 23:53:06.076158
,,Iraq,"1,202",,69,,452,681,,30,2,"28,414",706.0,2020-04-08 23:58:13.066021
,,Iraq,"1,202",,69,,452,681,,30,2,"28,414",706.0,2020-04-09 00:03:20.127123
,,Iraq,"1,202",,69,,452,681,,30,2,"28,414",706.0,2020-04-09 00:08:27.172233
